Time Stamps (s),Values,Labels,punc,dx_next,dx_prev,dy_next,dy_prev
0.535,0.0,M, ,0.15999999999999992,1.0,0.0,0.0
0.695,0.0,M, ,0.20000000000000007,0.15999999999999992,-1.0,0.0
0.895,-1.0,L, ,0.1299999999999999,0.20000000000000007,0.0,-1.0
1.025,-1.0,L, ,0.22999999999999998,0.1299999999999999,0.0,0.0
1.255,-1.0,L, ,0.1200000000000001,0.22999999999999998,1.5,0.0
1.375,0.5,M-H, ,1.04,0.1200000000000001,-0.5,1.5
2.415,0.0,M,",",0.06499999999999995,1.04,1.0,-0.5
2.48,1.0,H, ,0.04999999999999982,0.06499999999999995,-0.5,1.0
2.53,0.5,H-M, ,0.3650000000000002,0.04999999999999982,-0.5,-0.5
2.895,0.0,M, ,0.23499999999999988,0.3650000000000002,0.0,-0.5
3.13,0.0,M, ,0.16000000000000014,0.23499999999999988,0.0,0.0
3.29,0.0,M, ,0.16999999999999993,0.16000000000000014,0.0,0.0
3.46,0.0,M, ,0.06499999999999995,0.16999999999999993,0.0,0.0
3.525,0.0,M, ,0.08000000000000007,0.06499999999999995,0.0,0.0
3.605,0.0,M, ,0.16500000000000004,0.08000000000000007,-0.5,0.0
3.77,-0.5,M-L, ,0.6999999999999997,0.16500000000000004,0.5,-0.5
4.47,0.0,M, ,0.08499999999999996,0.6999999999999997,0.0,0.5
4.555,0.0,M, ,0.16999999999999993,0.08499999999999996,1.0,0.0
4.725,1.0,H, ,0.15500000000000025,0.16999999999999993,-1.0,1.0
4.88,0.0,M, ,0.10500000000000043,0.15500000000000025,0.0,-1.0
4.985,0.0,M, ,0.04999999999999982,0.10500000000000043,0.0,0.0
5.035,0.0,M, ,0.16500000000000004,0.04999999999999982,0.0,0.0
5.2,0.0,M, ,0.16500000000000004,0.16500000000000004,-1.0,0.0
5.365,-1.0,L, ,0.08499999999999996,0.16500000000000004,0.0,-1.0
5.45,-1.0,L, ,0.6849999999999996,0.08499999999999996,0.5,0.0
6.135,-0.5,M-L, ,0.1299999999999999,0.6849999999999996,0.5,0.5
6.265,0.0,M, ,0.22500000000000053,0.1299999999999999,-0.5,0.5
6.49,-0.5,M-L, ,0.17999999999999972,0.22500000000000053,0.0,-0.5
6.67,-0.5,M-L, ,0.75,0.17999999999999972,0.5,0.0
7.42,0.0,M, ,0.04499999999999993,0.75,0.0,0.5
7.465,0.0,M, ,0.14500000000000046,0.04499999999999993,1.0,0.0
7.61,1.0,H, ,0.23499999999999943,0.14500000000000046,-1.0,1.0
7.845,0.0,M, ,0.09500000000000064,0.23499999999999943,0.0,-1.0
7.94,0.0,M, ,0.1299999999999999,0.09500000000000064,0.0,0.0
8.07,0.0,M, ,0.11999999999999922,0.1299999999999999,0.0,0.0
8.19,0.0,M, ,0.16999999999999993,0.11999999999999922,-1.0,0.0
8.36,-1.0,L, ,0.15000000000000036,0.16999999999999993,0.0,-1.0
8.51,-1.0,L, ,0.22000000000000064,0.15000000000000036,1.0,0.0
8.73,0.0,M, ,0.08499999999999908,0.22000000000000064,-1.0,1.0
8.815,-1.0,L, ,0.16999999999999993,0.08499999999999908,1.0,-1.0
8.985,0.0,M, ,0.14500000000000135,0.16999999999999993,0.0,1.0
9.13,0.0,M, ,0.11499999999999844,0.14500000000000135,-1.0,0.0
9.245,-1.0,L, ,0.16999999999999993,0.11499999999999844,0.0,-1.0
9.415,-1.0,L, ,1.0900000000000016,0.16999999999999993,0.0,0.0
10.505,-1.0,L,.,0.17999999999999972,1.0900000000000016,1.0,0.0
10.685,0.0,M, ,0.10999999999999943,0.17999999999999972,0.0,1.0
10.795,0.0,M, ,0.11500000000000021,0.10999999999999943,0.0,0.0
10.91,0.0,M, ,0.08000000000000007,0.11500000000000021,-1.0,0.0
10.99,-1.0,L, ,0.09999999999999964,0.08000000000000007,0.0,-1.0
11.09,-1.0,L, ,0.1349999999999998,0.09999999999999964,0.5,0.0
11.225,-0.5,M-L, ,0.6050000000000004,0.1349999999999998,0.5,0.5
11.83,0.0,M-M, ,0.28999999999999915,0.6050000000000004,0.0,0.5
12.12,0.0,M, ,0.21500000000000163,0.28999999999999915,0.0,0.0
12.335,0.0,M, ,0.18499999999999872,0.21500000000000163,0.0,0.0
12.52,0.0,M, ,0.0600000000000005,0.18499999999999872,0.0,0.0
12.58,0.0,M, ,0.13000000000000078,0.0600000000000005,0.0,0.0
12.71,0.0,M, ,0.125,0.13000000000000078,0.0,0.0
12.835,0.0,M, ,0.18499999999999872,0.125,-1.0,0.0
13.02,-1.0,L, ,0.08500000000000085,0.18499999999999872,0.0,-1.0
13.105,-1.0,L, ,0.16499999999999915,0.08500000000000085,0.0,0.0
13.27,-1.0,L, ,0.20000000000000107,0.16499999999999915,0.0,0.0
13.47,-1.0,L, ,1.0249999999999986,0.20000000000000107,1.0,0.0
14.495,0.0,M,.,0.125,1.0249999999999986,0.0,1.0
14.62,0.0,M, ,0.08000000000000007,0.125,-1.0,0.0
14.7,-1.0,L, ,0.15500000000000114,0.08000000000000007,1.0,-1.0
14.855,0.0,M, ,0.04499999999999993,0.15500000000000114,-1.0,1.0
14.9,-1.0,L, ,0.16000000000000014,0.04499999999999993,1.0,-1.0
15.06,0.0,M, ,0.09499999999999886,0.16000000000000014,0.0,1.0
15.155,0.0,M, ,0.10000000000000142,0.09499999999999886,0.0,0.0
15.255,0.0,M, ,0.20500000000000007,0.10000000000000142,1.0,0.0
15.46,1.0,H-H, ,0.7149999999999999,0.20500000000000007,-1.0,1.0
16.175,0.0,M, ,0.09499999999999886,0.7149999999999999,0.0,-1.0
16.27,0.0,M, ,0.10000000000000142,0.09499999999999886,0.0,0.0
16.37,0.0,M, ,0.0849999999999973,0.10000000000000142,1.0,0.0
16.455,1.0,H, ,0.15000000000000213,0.0849999999999973,-1.0,1.0
16.605,0.0,M, ,0.18499999999999872,0.15000000000000213,-1.0,-1.0
16.79,-1.0,L, ,0.2950000000000017,0.18499999999999872,0.0,-1.0
17.085,-1.0,L, ,0.3299999999999983,0.2950000000000017,0.0,0.0
17.415,-1.0,L, ,1.0850000000000009,0.3299999999999983,2.0,0.0
18.5,1.0,H,.,0.21000000000000085,1.0850000000000009,-1.0,2.0
18.71,0.0,M, ,0.15499999999999758,0.21000000000000085,1.0,-1.0
18.865,1.0,H, ,0.1650000000000027,0.15499999999999758,0.0,1.0
19.03,1.0,H, ,0.14000000000000057,0.1650000000000027,-1.0,0.0
19.17,0.0,M, ,0.0849999999999973,0.14000000000000057,0.0,-1.0
19.255,0.0,M, ,0.23499999999999943,0.0849999999999973,-0.5,0.0
19.49,-0.5,M-L, ,0.870000000000001,0.23499999999999943,0.5,-0.5
20.36,0.0,M, ,0.16000000000000014,0.870000000000001,1.0,0.5
20.52,1.0,H, ,0.129999999999999,0.16000000000000014,0.0,1.0
20.65,1.0,H, ,0.060000000000002274,0.129999999999999,-1.0,0.0
20.71,0.0,M, ,0.14000000000000057,0.060000000000002274,0.0,-1.0
20.85,0.0,M, ,0.14499999999999957,0.14000000000000057,0.0,0.0
20.995,0.0,M, ,0.16000000000000014,0.14499999999999957,-0.5,0.0
21.155,-0.5,M-L, ,0.5399999999999991,0.16000000000000014,1.0,-0.5
21.695,0.5,H-M, ,0.14499999999999957,0.5399999999999991,0.5,1.0
21.84,1.0,H, ,0.16000000000000014,0.14499999999999957,0.0,0.5
22.0,1.0,H, ,0.07499999999999929,0.16000000000000014,-1.0,0.0
22.075,0.0,M, ,0.15000000000000213,0.07499999999999929,0.0,-1.0
22.225,0.0,M, ,0.10499999999999687,0.15000000000000213,0.0,0.0
22.33,0.0,M, ,0.28000000000000114,0.10499999999999687,0.0,0.0
22.61,0.0,M, ,0.16000000000000014,0.28000000000000114,0.0,0.0
22.77,0.0,M, ,0.129999999999999,0.16000000000000014,-1.0,0.0
22.9,-1.0,L, ,0.20500000000000185,0.129999999999999,1.0,-1.0
23.105,0.0,M, ,0.08999999999999986,0.20500000000000185,0.0,1.0
23.195,0.0,M, ,0.16999999999999815,0.08999999999999986,0.0,0.0
23.365,0.0,M, ,0.120000000000001,0.16999999999999815,-1.0,0.0
23.485,-1.0,L, ,0.16499999999999915,0.120000000000001,0.0,-1.0
23.65,-1.0,L, ,0.15000000000000213,0.16499999999999915,1.0,0.0
23.8,0.0,M, ,0.17999999999999972,0.15000000000000213,-1.0,1.0
23.98,-1.0,L, ,0.11499999999999844,0.17999999999999972,2.0,-1.0
24.095,1.0,H-H, ,0.740000000000002,0.11499999999999844,-2.0,2.0
24.835,-1.0,L, ,0.134999999999998,0.740000000000002,1.0,-2.0
24.97,0.0,M, ,0.08999999999999986,0.134999999999998,1.0,1.0
25.06,1.0,H, ,0.10000000000000142,0.08999999999999986,0.0,1.0
25.16,1.0,H, ,0.0799999999999983,0.10000000000000142,-1.0,0.0
25.24,0.0,M, ,0.1750000000000007,0.0799999999999983,-0.5,-1.0
25.415,-0.5,M-L, ,0.5300000000000011,0.1750000000000007,0.5,-0.5
25.945,0.0,M, ,0.08500000000000085,0.5300000000000011,-0.5,0.5
26.03,-0.5,M-L, ,0.21499999999999986,0.08500000000000085,0.5,-0.5
26.245,0.0,M, ,0.14999999999999858,0.21499999999999986,0.0,0.5
26.395,0.0,M, ,0.1700000000000017,0.14999999999999858,0.0,0.0
26.565,0.0,M, ,0.11999999999999744,0.1700000000000017,-1.0,0.0
26.685,-1.0,L, ,0.13500000000000156,0.11999999999999744,0.0,-1.0
26.82,-1.0,L, ,0.11499999999999844,0.13500000000000156,1.0,0.0
26.935,0.0,M, ,0.15000000000000213,0.11499999999999844,-1.0,1.0
27.085,-1.0,L, ,0.25,0.15000000000000213,0.0,-1.0
27.335,-1.0,L, ,1.0649999999999977,0.25,0.0,0.0
28.4,-1.0,L,.,0.15500000000000114,1.0649999999999977,1.0,0.0
28.555,0.0,M, ,0.09499999999999886,0.15500000000000114,0.0,1.0
28.65,0.0,M, ,0.10500000000000043,0.09499999999999886,0.0,0.0
28.755,0.0,M, ,0.10999999999999943,0.10500000000000043,0.0,0.0
28.865,0.0,M, ,0.14000000000000057,0.10999999999999943,0.0,0.0
29.005,0.0,M-M, ,0.25500000000000256,0.14000000000000057,0.0,0.0
29.26,0.0,M, ,0.10999999999999943,0.25500000000000256,0.0,0.0
29.37,0.0,M, ,0.16999999999999815,0.10999999999999943,0.0,0.0
29.54,0.0,M, ,0.11500000000000199,0.16999999999999815,-1.0,0.0
29.655,-1.0,L, ,0.14499999999999957,0.11500000000000199,0.0,-1.0
29.8,-1.0,L, ,0.21000000000000085,0.14499999999999957,0.0,0.0
30.01,-1.0,L, ,0.134999999999998,0.21000000000000085,1.0,0.0
30.145,0.0,M, ,0.120000000000001,0.134999999999998,0.0,1.0
30.265,0.0,M, ,0.14999999999999858,0.120000000000001,1.0,0.0
30.415,1.0,H-H, ,0.9149999999999991,0.14999999999999858,-1.0,1.0
31.33,0.0,M, ,0.09000000000000341,0.9149999999999991,1.0,-1.0
31.42,1.0,H, ,0.10999999999999943,0.09000000000000341,0.0,1.0
31.53,1.0,H, ,0.17999999999999972,0.10999999999999943,-0.5,0.0
31.71,0.5,H-M, ,0.11999999999999744,0.17999999999999972,-0.5,-0.5
31.83,0.0,M, ,0.13000000000000256,0.11999999999999744,0.5,-0.5
31.96,0.5,M-H, ,0.509999999999998,0.13000000000000256,-0.5,0.5
32.47,0.0,M, ,0.045000000000001705,0.509999999999998,0.0,-0.5
32.515,0.0,M, ,0.10499999999999687,0.045000000000001705,0.0,0.0
32.62,0.0,M, ,0.19000000000000483,0.10499999999999687,0.0,0.0
32.81,0.0,M, ,0.134999999999998,0.19000000000000483,0.0,0.0
32.945,0.0,M, ,0.10000000000000142,0.134999999999998,-0.5,0.0
33.045,-0.5,M-L, ,0.6899999999999977,0.10000000000000142,0.5,-0.5
33.735,0.0,M, ,0.14000000000000057,0.6899999999999977,1.0,0.5
33.875,1.0,H, ,0.054999999999999716,0.14000000000000057,0.0,1.0
33.93,1.0,H, ,0.16499999999999915,0.054999999999999716,-1.0,0.0
34.095,0.0,M, ,0.21000000000000085,0.16499999999999915,0.0,-1.0
34.305,0.0,M, ,0.15500000000000114,0.21000000000000085,-1.0,0.0
34.46,-1.0,L, ,0.13000000000000256,0.15500000000000114,1.0,-1.0
34.59,0.0,M-M, ,0.5949999999999989,0.13000000000000256,0.0,1.0
35.185,0.0,M, ,0.17499999999999716,0.5949999999999989,1.0,0.0
35.36,1.0,H, ,0.07500000000000284,0.17499999999999716,-1.0,1.0
35.435,0.0,M, ,0.23499999999999943,0.07500000000000284,-1.0,-1.0
35.67,-1.0,L, ,0.04999999999999716,0.23499999999999943,1.0,-1.0
35.72,0.0,M, ,0.20000000000000284,0.04999999999999716,-0.5,1.0
35.92,-0.5,M-L, ,0.26500000000000057,0.20000000000000284,0.5,-0.5
36.185,0.0,M, ,0.08500000000000085,0.26500000000000057,0.0,0.5
36.27,0.0,M, ,0.17499999999999716,0.08500000000000085,0.0,0.0
36.445,0.0,M, ,0.15500000000000114,0.17499999999999716,-1.0,0.0
36.6,-1.0,L, ,0.08500000000000085,0.15500000000000114,0.0,-1.0
36.685,-1.0,L, ,0.08500000000000085,0.08500000000000085,0.0,0.0
36.77,-1.0,L, ,0.10499999999999687,0.08500000000000085,0.0,0.0
36.875,-1.0,L, ,1.1450000000000031,0.10499999999999687,2.0,0.0
38.02,1.0,H,.,0.2049999999999983,1.1450000000000031,0.0,2.0
38.225,1.0,H, ,0.19500000000000028,0.2049999999999983,0.0,0.0
38.42,1.0,H, ,0.07499999999999574,0.19500000000000028,-1.0,0.0
38.495,0.0,H-L, ,0.7550000000000026,0.07499999999999574,1.0,-1.0
39.25,1.0,H, ,0.14999999999999858,0.7550000000000026,0.0,1.0
39.4,1.0,H, ,0.12000000000000455,0.14999999999999858,-1.0,0.0
39.52,0.0,M, ,0.10499999999999687,0.12000000000000455,0.0,-1.0
39.625,0.0,M, ,0.14999999999999858,0.10499999999999687,0.0,0.0
39.775,0.0,M, ,0.2150000000000034,0.14999999999999858,0.0,0.0
39.99,0.0,M, ,0.03999999999999915,0.2150000000000034,0.0,0.0
40.03,0.0,M, ,0.11999999999999744,0.03999999999999915,-0.5,0.0
40.15,-0.5,M-L, ,0.3049999999999997,0.11999999999999744,0.5,-0.5
40.455,0.0,M, ,0.14000000000000057,0.3049999999999997,-0.5,0.5
40.595,-0.5,M-L, ,0.24500000000000455,0.14000000000000057,-0.5,-0.5
40.84,-1.0,L, ,0.8649999999999949,0.24500000000000455,1.0,-0.5
41.705,0.0,M,.,0.13500000000000512,0.8649999999999949,0.0,1.0
41.84,0.0,M, ,0.07499999999999574,0.13500000000000512,-1.0,0.0
41.915,-1.0,L-L, ,0.75,0.07499999999999574,1.0,-1.0
42.665,0.0,M, ,0.17500000000000426,0.75,0.0,1.0
42.84,0.0,M, ,0.06999999999999318,0.17500000000000426,0.0,0.0
42.91,0.0,M, ,0.13000000000000256,0.06999999999999318,0.0,0.0
43.04,0.0,M, ,0.11999999999999744,0.13000000000000256,-1.0,0.0
43.16,-1.0,L, ,0.11500000000000199,0.11999999999999744,1.0,-1.0
43.275,0.0,M, ,0.17500000000000426,0.11500000000000199,1.0,1.0
43.45,1.0,H-H, ,0.5999999999999943,0.17500000000000426,-1.0,1.0
44.05,0.0,M, ,0.13000000000000256,0.5999999999999943,1.0,-1.0
44.18,1.0,H, ,0.09499999999999886,0.13000000000000256,0.0,1.0
44.275,1.0,H, ,0.08500000000000085,0.09499999999999886,0.0,0.0
44.36,1.0,H, ,0.10000000000000142,0.08500000000000085,-1.0,0.0
44.46,0.0,M, ,0.18500000000000227,0.10000000000000142,-0.5,-1.0
44.645,-0.5,M-L, ,0.40499999999999403,0.18500000000000227,0.5,-0.5
45.05,0.0,M, ,0.12000000000000455,0.40499999999999403,0.0,0.5
45.17,0.0,M, ,0.22999999999999687,0.12000000000000455,0.5,0.0
45.4,0.5,H-M, ,0.14999999999999858,0.22999999999999687,-0.5,0.5
45.55,0.0,M, ,0.125,0.14999999999999858,0.5,-0.5
45.675,0.5,M-H, ,0.5600000000000023,0.125,-0.5,0.5
46.235,0.0,M, ,0.07000000000000028,0.5600000000000023,0.0,-0.5
46.305,0.0,M, ,0.22999999999999687,0.07000000000000028,0.0,0.0
46.535,0.0,M, ,0.22500000000000142,0.22999999999999687,0.0,0.0
46.76,0.0,M, ,0.11500000000000199,0.22500000000000142,0.0,0.0
46.875,0.0,M, ,0.14000000000000057,0.11500000000000199,0.0,0.0
47.015,0.0,M, ,0.11999999999999744,0.14000000000000057,0.0,0.0
47.135,0.0,M, ,0.08500000000000085,0.11999999999999744,0.0,0.0
47.22,0.0,M, ,0.21999999999999886,0.08500000000000085,-1.0,0.0
47.44,-1.0,L, ,0.17500000000000426,0.21999999999999886,0.0,-1.0
47.615,-1.0,L, ,0.15500000000000114,0.17500000000000426,0.0,0.0
47.77,-1.0,L, ,0.14499999999999602,0.15500000000000114,1.0,0.0
47.915,0.0,M, ,0.060000000000002274,0.14499999999999602,-1.0,1.0
47.975,-1.0,L, ,0.07000000000000028,0.060000000000002274,0.0,-1.0
48.045,-1.0,L, ,0.9799999999999969,0.07000000000000028,1.0,0.0
49.025,0.0,M,.,0.10999999999999943,0.9799999999999969,-0.5,1.0
49.135,-0.5,M-L, ,0.8599999999999994,0.10999999999999943,0.5,-0.5
49.995,0.0,M, ,0.17999999999999972,0.8599999999999994,1.0,0.5
50.175,1.0,H, ,0.7250000000000014,0.17999999999999972,-1.0,1.0
50.9,0.0,M, ,0.10000000000000142,0.7250000000000014,0.0,-1.0
51.0,0.0,M, ,0.10000000000000142,0.10000000000000142,0.0,0.0
51.1,0.0,M, ,0.6099999999999994,0.10000000000000142,0.0,0.0
51.71,0.0,M, ,0.11999999999999744,0.6099999999999994,0.0,0.0
51.83,0.0,M, ,0.5300000000000011,0.11999999999999744,0.0,0.0
52.36,0.0,M, ,0.21000000000000085,0.5300000000000011,0.0,0.0
52.57,0.0,M, ,0.10999999999999943,0.21000000000000085,-1.0,0.0
52.68,-1.0,L, ,0.13000000000000256,0.10999999999999943,0.0,-1.0
52.81,-1.0,L, ,0.10999999999999943,0.13000000000000256,0.0,0.0
52.92,-1.0,L, ,0.10000000000000142,0.10999999999999943,0.0,0.0
53.02,-1.0,L, ,1.0499999999999972,0.10000000000000142,0.5,0.0
54.07,-0.5,M-L,.,0.22999999999999687,1.0499999999999972,0.5,0.5
54.3,0.0,M, ,0.13000000000000256,0.22999999999999687,0.0,0.5
54.43,0.0,M, ,0.0799999999999983,0.13000000000000256,0.0,0.0
54.51,0.0,M, ,0.17500000000000426,0.0799999999999983,0.0,0.0
54.685,0.0,M, ,0.40500000000000114,0.17500000000000426,0.0,0.0
55.09,0.0,M, ,0.0449999999999946,0.40500000000000114,0.0,0.0
55.135,0.0,M, ,0.05000000000000426,0.0449999999999946,0.0,0.0
55.185,0.0,M, ,0.19500000000000028,0.05000000000000426,0.0,0.0
55.38,0.0,M, ,0.14000000000000057,0.19500000000000028,0.0,0.0
55.52,0.0,M-M, ,0.23499999999999943,0.14000000000000057,0.0,0.0
55.755,0.0,M, ,0.06499999999999773,0.23499999999999943,0.0,0.0
55.82,0.0,M, ,0.07000000000000028,0.06499999999999773,0.0,0.0
55.89,0.0,M, ,0.18999999999999773,0.07000000000000028,0.0,0.0
56.08,0.0,M, ,0.18500000000000227,0.18999999999999773,0.0,0.0
56.265,0.0,M, ,0.11999999999999744,0.18500000000000227,0.0,0.0
56.385,0.0,M, ,0.13000000000000256,0.11999999999999744,1.0,0.0
56.515,1.0,H-H, ,0.7149999999999963,0.13000000000000256,-1.0,1.0
57.23,0.0,M, ,0.20000000000000284,0.7149999999999963,1.0,-1.0
57.43,1.0,H, ,0.11999999999999744,0.20000000000000284,0.0,1.0
57.55,1.0,H, ,0.060000000000002274,0.11999999999999744,-1.0,0.0
57.61,0.0,M, ,0.14000000000000057,0.060000000000002274,0.0,-1.0
57.75,0.0,M, ,0.14500000000000313,0.14000000000000057,0.0,0.0
57.895,0.0,M, ,0.11499999999999488,0.14500000000000313,0.0,0.0
58.01,0.0,M, ,0.15500000000000114,0.11499999999999488,-0.5,0.0
58.165,-0.5,M-L, ,0.4350000000000023,0.15500000000000114,0.5,-0.5
58.6,0.0,M, ,0.25499999999999545,0.4350000000000023,0.0,0.5
58.855,0.0,M, ,0.054999999999999716,0.25499999999999545,-0.5,0.0
58.91,-0.5,M-L, ,0.3050000000000068,0.054999999999999716,-0.5,-0.5
59.215,-1.0,L, ,0.13999999999999346,0.3050000000000068,0.0,-0.5
59.355,-1.0,L, ,1.6799999999999997,0.13999999999999346,1.5,0.0
61.035,0.5,H-M,.,0.23500000000000654,1.6799999999999997,-0.5,1.5
61.27,0.0,M, ,0.11999999999999744,0.23500000000000654,1.0,-0.5
61.39,1.0,H, ,0.0799999999999983,0.11999999999999744,-1.0,1.0
61.47,0.0,H-L, ,0.4450000000000003,0.0799999999999983,0.0,-1.0
61.915,0.0,M, ,0.14500000000000313,0.4450000000000003,0.0,0.0
62.06,0.0,M, ,0.08500000000000085,0.14500000000000313,1.0,0.0
62.145,1.0,H, ,0.0899999999999963,0.08500000000000085,0.0,1.0
62.235,1.0,H, ,0.11999999999999744,0.0899999999999963,-1.0,0.0
62.355,0.0,M, ,0.14000000000000057,0.11999999999999744,0.0,-1.0
62.495,0.0,M, ,0.10000000000000142,0.14000000000000057,0.0,0.0
62.595,0.0,M, ,0.10999999999999943,0.10000000000000142,0.0,0.0
62.705,0.0,M, ,0.12000000000000455,0.10999999999999943,0.0,0.0
62.825,0.0,M, ,0.2849999999999966,0.12000000000000455,-1.0,0.0
63.11,-1.0,L, ,0.10500000000000398,0.2849999999999966,1.0,-1.0
63.215,0.0,M, ,0.17499999999999716,0.10500000000000398,0.0,1.0
63.39,0.0,M, ,0.10499999999999687,0.17499999999999716,0.0,0.0
63.495,0.0,M, ,0.1600000000000037,0.10499999999999687,0.0,0.0
63.655,0.0,M, ,0.06499999999999773,0.1600000000000037,-0.5,0.0
63.72,-0.5,M-L, ,0.644999999999996,0.06499999999999773,0.5,-0.5
64.365,0.0,M, ,0.09499999999999886,0.644999999999996,0.0,0.5
64.46,0.0,M, ,0.1700000000000017,0.09499999999999886,0.0,0.0
64.63,0.0,M, ,0.0799999999999983,0.1700000000000017,-1.0,0.0
64.71,-1.0,L, ,0.17500000000001137,0.0799999999999983,1.0,-1.0
64.885,0.0,M, ,0.05999999999998806,0.17500000000001137,0.0,1.0
64.945,0.0,M, ,0.10500000000000398,0.05999999999998806,0.0,0.0
65.05,0.0,M, ,0.17499999999999716,0.10500000000000398,-1.0,0.0
65.225,-1.0,L, ,0.1600000000000108,0.17499999999999716,0.5,-1.0
65.385,-0.5,M-L, ,0.23499999999999943,0.1600000000000108,0.0,0.5
65.62,-0.5,M-L, ,0.14000000000000057,0.23499999999999943,-0.5,0.0
65.76,-1.0,L, ,0.11999999999999034,0.14000000000000057,0.0,-0.5
65.88,-1.0,L,.,1.0,0.11999999999999034,1.0,0.0
0.385,0.0,M, ,0.13,1.0,0.0,1.0
0.515,0.0,M, ,0.09499999999999997,0.13,-1.0,0.0
0.61,-1.0,L, ,0.125,0.09499999999999997,1.5,-1.0
0.735,0.5,M-H, ,0.8350000000000001,0.125,-0.5,1.5
1.57,0.0,M,",",0.135,0.8350000000000001,1.0,-0.5
1.705,1.0,H, ,0.09499999999999997,0.135,0.0,1.0
1.8,1.0,H, ,0.135,0.09499999999999997,0.0,0.0
1.935,1.0,H, ,0.1299999999999999,0.135,0.0,0.0
2.065,1.0,H, ,0.30500000000000016,0.1299999999999999,-1.0,0.0
2.37,0.0,M, ,0.16500000000000004,0.30500000000000016,0.0,-1.0
2.535,0.0,M, ,0.14500000000000002,0.16500000000000004,0.0,0.0
2.68,0.0,M, ,0.08999999999999986,0.14500000000000002,0.0,0.0
2.77,0.0,M, ,0.31000000000000005,0.08999999999999986,0.0,0.0
3.08,0.0,M, ,0.10499999999999998,0.31000000000000005,0.0,0.0
3.185,0.0,M, ,0.06499999999999995,0.10499999999999998,0.0,0.0
3.25,0.0,M, ,0.28500000000000014,0.06499999999999995,0.5,0.0
3.535,0.5,M-H, ,0.6849999999999996,0.28500000000000014,-1.5,0.5
4.22,-1.0,L, ,0.16500000000000004,0.6849999999999996,1.0,-1.5
4.385,0.0,M, ,0.08499999999999996,0.16500000000000004,1.0,1.0
4.47,1.0,H, ,0.10000000000000053,0.08499999999999996,0.0,1.0
4.57,1.0,H, ,0.09499999999999975,0.10000000000000053,-1.0,0.0
4.665,0.0,M, ,0.17999999999999972,0.09499999999999975,0.0,-1.0
4.845,0.0,M, ,0.07500000000000018,0.17999999999999972,0.0,0.0
4.92,0.0,M, ,0.054999999999999716,0.07500000000000018,0.0,0.0
4.975,0.0,M, ,0.15500000000000025,0.054999999999999716,0.0,0.0
5.13,0.0,M, ,0.17499999999999982,0.15500000000000025,-0.5,0.0
5.305,-0.5,M-L, ,0.6600000000000001,0.17499999999999982,0.5,-0.5
5.965,0.0,M-M, ,0.21499999999999986,0.6600000000000001,0.0,0.5
6.18,0.0,M, ,0.125,0.21499999999999986,0.0,0.0
6.305,0.0,M, ,0.15000000000000036,0.125,0.0,0.0
6.455,0.0,M, ,0.22999999999999954,0.15000000000000036,-1.0,0.0
6.685,-1.0,L, ,0.22500000000000053,0.22999999999999954,1.0,-1.0
6.91,0.0,M, ,0.17499999999999982,0.22500000000000053,0.0,1.0
7.085,0.0,M, ,0.08499999999999996,0.17499999999999982,-1.0,0.0
7.17,-1.0,L, ,0.17999999999999972,0.08499999999999996,1.0,-1.0
7.35,0.0,M, ,0.09000000000000075,0.17999999999999972,0.0,1.0
7.44,0.0,M, ,0.11499999999999932,0.09000000000000075,0.0,0.0
7.555,0.0,M, ,0.06500000000000039,0.11499999999999932,0.0,0.0
7.62,0.0,M, ,0.1849999999999996,0.06500000000000039,0.0,0.0
7.805,0.0,M, ,0.8149999999999995,0.1849999999999996,0.0,0.0
8.62,0.0,M,",",0.10000000000000142,0.8149999999999995,0.0,0.0
8.72,0.0,M, ,0.11999999999999922,0.10000000000000142,0.5,0.0
8.84,0.5,H-M, ,0.23499999999999943,0.11999999999999922,-0.5,0.5
9.075,0.0,M, ,0.06500000000000128,0.23499999999999943,0.0,-0.5
9.14,0.0,M, ,0.08499999999999908,0.06500000000000128,0.0,0.0
9.225,0.0,M, ,0.09500000000000064,0.08499999999999908,-1.0,0.0
9.32,-1.0,L, ,0.10999999999999943,0.09500000000000064,0.0,-1.0
9.43,-1.0,L, ,0.1899999999999995,0.10999999999999943,1.0,0.0
9.62,0.0,M, ,0.07500000000000107,0.1899999999999995,0.0,1.0
9.695,0.0,M, ,0.14000000000000057,0.07500000000000107,0.0,0.0
9.835,0.0,M, ,0.054999999999999716,0.14000000000000057,0.0,0.0
9.89,0.0,M, ,0.20999999999999908,0.054999999999999716,-1.0,0.0
10.1,-1.0,L, ,0.6449999999999996,0.20999999999999908,1.0,-1.0
10.745,0.0,M, ,0.125,0.6449999999999996,-1.0,1.0
10.87,-1.0,L-L, ,0.5050000000000008,0.125,1.0,-1.0
11.375,0.0,M, ,0.1850000000000005,0.5050000000000008,0.0,1.0
11.56,0.0,M, ,0.125,0.1850000000000005,0.0,0.0
11.685,0.0,M, ,0.1399999999999988,0.125,-1.0,0.0
11.825,-1.0,L, ,0.19000000000000128,0.1399999999999988,0.0,-1.0
12.015,-1.0,L, ,0.3049999999999997,0.19000000000000128,0.0,0.0
12.32,-1.0,L, ,1.0399999999999991,0.3049999999999997,1.0,0.0
13.36,0.0,M,.,0.08999999999999986,1.0399999999999991,0.0,1.0
13.45,0.0,M, ,0.13000000000000078,0.08999999999999986,0.0,0.0
13.58,0.0,M, ,0.11999999999999922,0.13000000000000078,0.0,0.0
13.7,0.0,M, ,0.06500000000000128,0.11999999999999922,0.0,0.0
13.765,0.0,M, ,0.17999999999999972,0.06500000000000128,0.0,0.0
13.945,0.0,M, ,0.1999999999999993,0.17999999999999972,0.0,0.0
14.145,0.0,M, ,0.16999999999999993,0.1999999999999993,0.0,0.0
14.315,0.0,M, ,0.1349999999999998,0.16999999999999993,0.0,0.0
14.45,0.0,M, ,0.11500000000000021,0.1349999999999998,-0.5,0.0
14.565,-0.5,M-L, ,0.9000000000000004,0.11500000000000021,0.5,-0.5
15.465,0.0,M, ,0.1349999999999998,0.9000000000000004,0.0,0.5
15.6,0.0,M, ,0.10500000000000043,0.1349999999999998,0.0,0.0
15.705,0.0,M, ,0.16000000000000014,0.10500000000000043,0.0,0.0
15.865,0.0,M, ,0.08499999999999908,0.16000000000000014,0.0,0.0
15.95,0.0,M, ,0.14499999999999957,0.08499999999999908,0.0,0.0
16.095,0.0,M, ,0.14499999999999957,0.14499999999999957,-1.0,0.0
16.24,-1.0,L, ,0.2950000000000017,0.14499999999999957,2.0,-1.0
16.535,1.0,H-H, ,0.620000000000001,0.2950000000000017,-1.0,2.0
17.155,0.0,M, ,0.11499999999999844,0.620000000000001,1.0,-1.0
17.27,1.0,H, ,0.21000000000000085,0.11499999999999844,-0.5,1.0
17.48,0.5,H-M, ,0.129999999999999,0.21000000000000085,-0.5,-0.5
17.61,0.0,M, ,0.10500000000000043,0.129999999999999,0.0,-0.5
17.715,0.0,M, ,0.13500000000000156,0.10500000000000043,0.0,0.0
17.85,0.0,M, ,0.134999999999998,0.13500000000000156,0.0,0.0
17.985,0.0,M, ,0.25,0.134999999999998,0.0,0.0
18.235,0.0,M, ,0.10500000000000043,0.25,0.0,0.0
18.34,0.0,M, ,0.08000000000000185,0.10500000000000043,-1.0,0.0
18.42,-1.0,L, ,0.13999999999999702,0.08000000000000185,0.0,-1.0
18.56,-1.0,L, ,0.08500000000000085,0.13999999999999702,1.0,0.0
18.645,0.0,M, ,0.14499999999999957,0.08500000000000085,0.0,1.0
18.79,0.0,M, ,0.14000000000000057,0.14499999999999957,-1.0,0.0
18.93,-1.0,L, ,0.19000000000000128,0.14000000000000057,0.0,-1.0
19.12,-1.0,L, ,0.054999999999999716,0.19000000000000128,0.0,0.0
19.175,-1.0,L, ,0.10999999999999943,0.054999999999999716,0.0,0.0
19.285,-1.0,L, ,0.8449999999999989,0.10999999999999943,1.0,0.0
20.13,0.0,M,.,0.16000000000000014,0.8449999999999989,0.0,1.0
20.29,0.0,M, ,0.26000000000000156,0.16000000000000014,-0.5,0.0
20.55,-0.5,M-L, ,0.5449999999999982,0.26000000000000156,0.5,-0.5
21.095,0.0,M, ,0.125,0.5449999999999982,0.0,0.5
21.22,0.0,M, ,0.07500000000000284,0.125,-1.0,0.0
21.295,-1.0,L, ,0.6599999999999966,0.07500000000000284,1.0,-1.0
21.955,0.0,M, ,0.11500000000000199,0.6599999999999966,0.0,1.0
22.07,0.0,M, ,0.14000000000000057,0.11500000000000199,0.0,0.0
22.21,0.0,M, ,0.14499999999999957,0.14000000000000057,0.5,0.0
22.355,0.5,M-H, ,0.6849999999999987,0.14499999999999957,0.5,0.5
23.04,1.0,H, ,0.20500000000000185,0.6849999999999987,-0.5,0.5
23.245,0.5,H-M, ,0.18999999999999773,0.20500000000000185,-0.5,-0.5
23.435,0.0,M, ,0.18500000000000227,0.18999999999999773,0.0,-0.5
23.62,0.0,M, ,0.15499999999999758,0.18500000000000227,0.0,0.0
23.775,0.0,M, ,0.22000000000000242,0.15499999999999758,0.0,0.0
23.995,0.0,M, ,0.1999999999999993,0.22000000000000242,0.0,0.0
24.195,0.0,M, ,0.08500000000000085,0.1999999999999993,0.0,0.0
24.28,0.0,M, ,0.29999999999999716,0.08500000000000085,0.0,0.0
24.58,0.0,M, ,0.1750000000000007,0.29999999999999716,0.0,0.0
24.755,0.0,M, ,0.4350000000000023,0.1750000000000007,0.0,0.0
25.19,0.0,M, ,0.07000000000000028,0.4350000000000023,0.0,0.0
25.26,0.0,M-M, ,0.7199999999999989,0.07000000000000028,0.0,0.0
25.98,0.0,M, ,0.07000000000000028,0.7199999999999989,0.0,0.0
26.05,0.0,M-M, ,0.1750000000000007,0.07000000000000028,0.0,0.0
26.225,0.0,M, ,0.17999999999999972,0.1750000000000007,1.0,0.0
26.405,1.0,H, ,0.134999999999998,0.17999999999999972,-0.5,1.0
26.54,0.5,H-M, ,0.16499999999999915,0.134999999999998,-0.5,-0.5
26.705,0.0,M, ,0.05000000000000071,0.16499999999999915,0.0,-0.5
26.755,0.0,M, ,0.17999999999999972,0.05000000000000071,0.0,0.0
26.935,0.0,M, ,0.08500000000000085,0.17999999999999972,-1.0,0.0
27.02,-1.0,L, ,0.13500000000000156,0.08500000000000085,1.0,-1.0
27.155,0.0,M, ,0.08999999999999986,0.13500000000000156,0.0,1.0
27.245,0.0,M, ,0.14000000000000057,0.08999999999999986,0.0,0.0
27.385,0.0,M, ,0.08999999999999986,0.14000000000000057,0.0,0.0
27.475,0.0,M, ,0.17999999999999972,0.08999999999999986,-1.0,0.0
27.655,-1.0,L, ,0.08999999999999986,0.17999999999999972,0.0,-1.0
27.745,-1.0,L, ,0.07000000000000028,0.08999999999999986,0.0,0.0
27.815,-1.0,L, ,0.0849999999999973,0.07000000000000028,0.0,0.0
27.9,-1.0,L, ,0.14500000000000313,0.0849999999999973,0.5,0.0
28.045,-0.5,M-L, ,0.14499999999999957,0.14500000000000313,-0.5,0.5
28.19,-1.0,L, ,0.8249999999999993,0.14499999999999957,0.5,-0.5
29.015,-0.5,M-L,.,0.21499999999999986,0.8249999999999993,0.0,0.5
29.23,-0.5,M-L, ,0.09999999999999787,0.21499999999999986,0.5,0.0
29.33,0.0,M, ,0.14000000000000057,0.09999999999999787,0.0,0.5
29.47,0.0,M, ,0.08000000000000185,0.14000000000000057,-1.0,0.0
29.55,-1.0,L, ,0.21000000000000085,0.08000000000000185,1.0,-1.0
29.76,0.0,M, ,0.129999999999999,0.21000000000000085,1.0,1.0
29.89,1.0,H-H, ,0.75,0.129999999999999,-1.0,1.0
30.64,0.0,M, ,0.120000000000001,0.75,1.0,-1.0
30.76,1.0,H, ,0.18499999999999872,0.120000000000001,0.0,1.0
30.945,1.0,H, ,0.07499999999999929,0.18499999999999872,-1.0,0.0
31.02,0.0,M, ,0.21499999999999986,0.07499999999999929,0.0,-1.0
31.235,0.0,M, ,0.13500000000000156,0.21499999999999986,-0.5,0.0
31.37,-0.5,M-L, ,0.4299999999999997,0.13500000000000156,0.5,-0.5
31.8,0.0,M, ,0.14999999999999858,0.4299999999999997,0.0,0.5
31.95,0.0,M, ,0.0849999999999973,0.14999999999999858,0.0,0.0
32.035,0.0,M, ,0.14000000000000057,0.0849999999999973,-1.0,0.0
32.175,-1.0,L, ,0.5549999999999997,0.14000000000000057,1.0,-1.0
32.73,0.0,M, ,0.19000000000000483,0.5549999999999997,0.0,1.0
32.92,0.0,M, ,0.25499999999999545,0.19000000000000483,0.0,0.0
33.175,0.0,M, ,0.14000000000000057,0.25499999999999545,-1.0,0.0
33.315,-1.0,L, ,0.15000000000000568,0.14000000000000057,0.0,-1.0
33.465,-1.0,L, ,0.27999999999999403,0.15000000000000568,0.5,0.0
33.745,-0.5,M-L, ,0.5450000000000017,0.27999999999999403,0.5,0.5
34.29,0.0,M, ,0.0799999999999983,0.5450000000000017,0.0,0.5
34.37,0.0,M, ,0.2150000000000034,0.0799999999999983,0.0,0.0
34.585,0.0,M, ,0.045000000000001705,0.2150000000000034,0.0,0.0
34.63,0.0,M, ,0.1699999999999946,0.045000000000001705,-1.0,0.0
34.8,-1.0,L, ,0.07000000000000028,0.1699999999999946,0.0,-1.0
34.87,-1.0,L, ,0.13500000000000512,0.07000000000000028,1.0,0.0
35.005,0.0,M, ,0.2149999999999963,0.13500000000000512,0.0,1.0
35.22,0.0,M, ,0.054999999999999716,0.2149999999999963,-1.0,0.0
35.275,-1.0,L, ,0.13000000000000256,0.054999999999999716,0.0,-1.0
35.405,-1.0,L, ,0.14000000000000057,0.13000000000000256,0.0,0.0
35.545,-1.0,L, ,0.09499999999999886,0.14000000000000057,0.0,0.0
35.64,-1.0,L,.,1.0,0.09499999999999886,1.0,0.0
0.29,0.0,M, ,0.10500000000000004,1.0,-0.5,1.0
0.395,-0.5,M-L, ,0.21499999999999997,0.10500000000000004,-0.5,-0.5
0.61,-1.0,L, ,0.13,0.21499999999999997,0.5,-0.5
0.74,-0.5,L-M, ,0.74,0.13,0.5,0.5
1.48,0.0,M,",",0.10499999999999998,0.74,-1.0,0.5
1.585,-1.0,L, ,0.15500000000000003,0.10499999999999998,0.0,-1.0
1.74,-1.0,L, ,0.07000000000000006,0.15500000000000003,0.5,0.0
1.81,-0.5,L-M, ,0.6549999999999998,0.07000000000000006,0.5,0.5
2.465,0.0,M,",",0.18000000000000016,0.6549999999999998,-0.5,0.5
2.645,-0.5,M-L, ,0.20999999999999996,0.18000000000000016,-0.5,-0.5
2.855,-1.0,L, ,0.10499999999999998,0.20999999999999996,0.5,-0.5
2.96,-0.5,L-M, ,0.6600000000000001,0.10499999999999998,0.5,0.5
3.62,0.0,M,",",0.20500000000000007,0.6600000000000001,1.0,0.5
3.825,1.0,H, ,0.125,0.20500000000000007,-0.5,1.0
3.95,0.5,H-M, ,0.27499999999999947,0.125,-0.5,-0.5
4.225,0.0,M, ,0.05000000000000071,0.27499999999999947,-0.5,-0.5
4.275,-0.5,M-L, ,0.1949999999999994,0.05000000000000071,0.5,-0.5
4.47,0.0,M, ,0.1800000000000006,0.1949999999999994,-0.5,0.5
4.65,-0.5,M-L, ,0.5649999999999995,0.1800000000000006,0.5,-0.5
5.215,0.0,M, ,0.0600000000000005,0.5649999999999995,0.0,0.5
5.275,0.0,M, ,0.08999999999999986,0.0600000000000005,0.0,0.0
5.365,0.0,M, ,0.09999999999999964,0.08999999999999986,0.0,0.0
5.465,0.0,M, ,0.1299999999999999,0.09999999999999964,1.0,0.0
5.595,1.0,H, ,0.17499999999999982,0.1299999999999999,-1.0,1.0
5.77,0.0,M, ,0.17000000000000082,0.17499999999999982,0.0,-1.0
5.94,0.0,M, ,0.09999999999999964,0.17000000000000082,0.0,0.0
6.04,0.0,M, ,0.1349999999999998,0.09999999999999964,0.0,0.0
6.175,0.0,M, ,0.21999999999999975,0.1349999999999998,0.0,0.0
6.395,0.0,M, ,0.0600000000000005,0.21999999999999975,-1.0,0.0
6.455,-1.0,L, ,0.1299999999999999,0.0600000000000005,1.0,-1.0
6.585,0.0,M, ,0.07000000000000028,0.1299999999999999,0.0,1.0
6.655,0.0,M, ,0.6149999999999993,0.07000000000000028,0.0,0.0
7.27,0.0,M, ,0.125,0.6149999999999993,-0.5,0.0
7.395,-0.5,M-L, ,0.25,0.125,-0.5,-0.5
7.645,-1.0,L, ,0.16500000000000004,0.25,0.0,-0.5
7.81,-1.0,L, ,0.07500000000000018,0.16500000000000004,0.0,0.0
7.885,-1.0,L, ,0.11000000000000032,0.07500000000000018,0.0,0.0
7.995,-1.0,L, ,1.12,0.11000000000000032,2.0,0.0
9.115,1.0,H,.,0.08999999999999986,1.12,0.0,2.0
9.205,1.0,H, ,0.2550000000000008,0.08999999999999986,0.0,0.0
9.46,1.0,H, ,0.14999999999999858,0.2550000000000008,0.0,0.0
9.61,1.0,H, ,0.10500000000000043,0.14999999999999858,-1.0,0.0
9.715,0.0,M, ,0.16000000000000014,0.10500000000000043,-0.5,-1.0
9.875,-0.5,M-L, ,0.28500000000000014,0.16000000000000014,0.5,-0.5
10.16,0.0,M-M, ,0.1999999999999993,0.28500000000000014,-0.5,0.5
10.36,-0.5,M-L, ,0.6850000000000005,0.1999999999999993,0.5,-0.5
11.045,0.0,M, ,0.1750000000000007,0.6850000000000005,1.0,0.5
11.22,1.0,H, ,0.14999999999999858,0.1750000000000007,0.0,1.0
11.37,1.0,H, ,0.09500000000000064,0.14999999999999858,-1.0,0.0
11.465,0.0,M, ,0.10500000000000043,0.09500000000000064,0.0,-1.0
11.57,0.0,M, ,0.08000000000000007,0.10500000000000043,0.0,0.0
11.65,0.0,M, ,0.08499999999999908,0.08000000000000007,0.0,0.0
11.735,0.0,M, ,0.11500000000000021,0.08499999999999908,0.0,0.0
11.85,0.0,M, ,0.1349999999999998,0.11500000000000021,0.0,0.0
11.985,0.0,M, ,0.1850000000000005,0.1349999999999998,0.0,0.0
12.17,0.0,M, ,0.10999999999999943,0.1850000000000005,0.0,0.0
12.28,0.0,M, ,0.07500000000000107,0.10999999999999943,-1.0,0.0
12.355,-1.0,L, ,0.08499999999999908,0.07500000000000107,0.0,-1.0
12.44,-1.0,L, ,0.08999999999999986,0.08499999999999908,0.0,0.0
12.53,-1.0,L, ,0.09500000000000064,0.08999999999999986,0.0,0.0
12.625,-1.0,L-L, ,0.5399999999999991,0.09500000000000064,1.0,0.0
13.165,0.0,M, ,0.19500000000000028,0.5399999999999991,0.0,1.0
13.36,0.0,M, ,0.10000000000000142,0.19500000000000028,0.0,0.0
13.46,0.0,M, ,0.15999999999999837,0.10000000000000142,0.0,0.0
13.62,0.0,M, ,0.10500000000000043,0.15999999999999837,-1.0,0.0
13.725,-1.0,L, ,0.15500000000000114,0.10500000000000043,0.0,-1.0
13.88,-1.0,L, ,0.5,0.15500000000000114,1.0,0.0
14.38,0.0,M, ,0.15499999999999936,0.5,0.0,1.0
14.535,0.0,M, ,0.09999999999999964,0.15499999999999936,0.0,0.0
14.635,0.0,M, ,0.16000000000000014,0.09999999999999964,0.0,0.0
14.795,0.0,M, ,0.08000000000000007,0.16000000000000014,0.0,0.0
14.875,0.0,M, ,0.10999999999999943,0.08000000000000007,0.0,0.0
14.985,0.0,M, ,0.10500000000000043,0.10999999999999943,0.5,0.0
15.09,0.5,M-H, ,0.8000000000000007,0.10500000000000043,-0.5,0.5
15.89,0.0,M,",",0.10999999999999943,0.8000000000000007,1.0,-0.5
16.0,1.0,H, ,0.07499999999999929,0.10999999999999943,-0.5,1.0
16.075,0.5,H-M, ,0.21000000000000085,0.07499999999999929,-0.5,-0.5
16.285,0.0,M, ,0.11499999999999844,0.21000000000000085,1.0,-0.5
16.4,1.0,H, ,0.22000000000000242,0.11499999999999844,-1.0,1.0
16.62,0.0,M, ,0.07499999999999929,0.22000000000000242,-1.0,-1.0
16.695,-1.0,L, ,0.14000000000000057,0.07499999999999929,1.0,-1.0
16.835,0.0,M, ,0.11499999999999844,0.14000000000000057,0.0,1.0
16.95,0.0,M, ,0.08500000000000085,0.11499999999999844,0.0,0.0
17.035,0.0,M, ,0.14000000000000057,0.08500000000000085,0.0,0.0
17.175,0.0,M, ,0.17999999999999972,0.14000000000000057,-1.0,0.0
17.355,-1.0,L, ,0.08999999999999986,0.17999999999999972,0.0,-1.0
17.445,-1.0,L, ,0.11499999999999844,0.08999999999999986,0.0,0.0
17.56,-1.0,L, ,0.120000000000001,0.11499999999999844,0.0,0.0
17.68,-1.0,L, ,0.08999999999999986,0.120000000000001,0.0,0.0
17.77,-1.0,L, ,0.120000000000001,0.08999999999999986,0.0,0.0
17.89,-1.0,L, ,1.245000000000001,0.120000000000001,1.0,0.0
19.135,0.0,M,.,0.16000000000000014,1.245000000000001,1.0,1.0
19.295,1.0,H, ,0.10999999999999943,0.16000000000000014,0.0,1.0
19.405,1.0,H, ,0.2099999999999973,0.10999999999999943,0.0,0.0
19.615,1.0,H, ,0.060000000000002274,0.2099999999999973,-1.0,0.0
19.675,0.0,M, ,0.10500000000000043,0.060000000000002274,0.0,-1.0
19.78,0.0,M, ,0.11499999999999844,0.10500000000000043,0.0,0.0
19.895,0.0,M, ,0.28999999999999915,0.11499999999999844,0.5,0.0
20.185,0.5,M-H, ,0.7900000000000027,0.28999999999999915,-0.5,0.5
20.975,0.0,M, ,0.07499999999999929,0.7900000000000027,1.0,-0.5
21.05,1.0,H, ,0.134999999999998,0.07499999999999929,-1.0,1.0
21.185,0.0,M, ,0.1700000000000017,0.134999999999998,0.0,-1.0
21.355,0.0,M, ,0.39000000000000057,0.1700000000000017,-0.5,0.0
21.745,-0.5,M-L, ,0.9599999999999973,0.39000000000000057,0.5,-0.5
22.705,0.0,M, ,0.060000000000002274,0.9599999999999973,0.0,0.5
22.765,0.0,M, ,0.2049999999999983,0.060000000000002274,0.0,0.0
22.97,0.0,M, ,0.07000000000000028,0.2049999999999983,0.0,0.0
23.04,0.0,M, ,0.16000000000000014,0.07000000000000028,1.0,0.0
23.2,1.0,H, ,0.14499999999999957,0.16000000000000014,0.0,1.0
23.345,1.0,H, ,0.16000000000000014,0.14499999999999957,-1.0,0.0
23.505,0.0,M, ,0.125,0.16000000000000014,0.0,-1.0
23.63,0.0,M, ,0.09500000000000242,0.125,0.0,0.0
23.725,0.0,M, ,0.10499999999999687,0.09500000000000242,-1.0,0.0
23.83,-1.0,L, ,0.19000000000000128,0.10499999999999687,1.0,-1.0
24.02,0.0,M, ,0.19000000000000128,0.19000000000000128,-1.0,1.0
24.21,-1.0,L, ,0.11999999999999744,0.19000000000000128,1.0,-1.0
24.33,0.0,M, ,0.2950000000000017,0.11999999999999744,0.0,1.0
24.625,0.0,M, ,0.13500000000000156,0.2950000000000017,0.0,0.0
24.76,0.0,M, ,0.06499999999999773,0.13500000000000156,-1.0,0.0
24.825,-1.0,L, ,0.1700000000000017,0.06499999999999773,0.0,-1.0
24.995,-1.0,L, ,0.16000000000000014,0.1700000000000017,1.0,0.0
25.155,0.0,M, ,0.18999999999999773,0.16000000000000014,-1.0,1.0
25.345,-1.0,L, ,1.0500000000000007,0.18999999999999773,2.0,-1.0
26.395,1.0,H,.,0.21499999999999986,1.0500000000000007,-1.0,2.0
26.61,0.0,M, ,0.08500000000000085,0.21499999999999986,1.0,-1.0
26.695,1.0,H, ,0.14000000000000057,0.08500000000000085,0.0,1.0
26.835,1.0,H, ,0.22499999999999787,0.14000000000000057,0.0,0.0
27.06,1.0,H, ,0.20000000000000284,0.22499999999999787,-1.0,0.0
27.26,0.0,M, ,0.10999999999999943,0.20000000000000284,0.0,-1.0
27.37,0.0,M, ,0.125,0.10999999999999943,0.0,0.0
27.495,0.0,M, ,0.0849999999999973,0.125,-0.5,0.0
27.58,-0.5,M-L, ,0.5850000000000009,0.0849999999999973,0.5,-0.5
28.165,0.0,M, ,0.23000000000000043,0.5850000000000009,0.0,0.5
28.395,0.0,M, ,0.1700000000000017,0.23000000000000043,-1.0,0.0
28.565,-1.0,L, ,0.09499999999999886,0.1700000000000017,0.0,-1.0
28.66,-1.0,L, ,0.08999999999999986,0.09499999999999886,0.0,0.0
28.75,-1.0,L, ,0.16499999999999915,0.08999999999999986,0.0,0.0
28.915,-1.0,L, ,0.08999999999999986,0.16499999999999915,0.0,0.0
29.005,-1.0,L, ,0.8100000000000023,0.08999999999999986,1.0,0.0
29.815,0.0,M,.,0.10500000000000043,0.8100000000000023,0.0,1.0
29.92,0.0,M, ,0.134999999999998,0.10500000000000043,-1.0,0.0
30.055,-1.0,L, ,0.08500000000000085,0.134999999999998,1.5,-1.0
30.14,0.5,M-H, ,0.6999999999999993,0.08500000000000085,-0.5,1.5
30.84,0.0,M, ,0.08500000000000085,0.6999999999999993,0.0,-0.5
30.925,0.0,M, ,0.1999999999999993,0.08500000000000085,1.0,0.0
31.125,1.0,H, ,0.23000000000000043,0.1999999999999993,-1.0,1.0
31.355,0.0,M, ,0.125,0.23000000000000043,0.0,-1.0
31.48,0.0,M, ,0.14499999999999957,0.125,0.0,0.0
31.625,0.0,M, ,0.28500000000000014,0.14499999999999957,0.0,0.0
31.91,0.0,M, ,0.11499999999999844,0.28500000000000014,0.0,0.0
32.025,0.0,M, ,0.1700000000000017,0.11499999999999844,0.0,0.0
32.195,0.0,M, ,0.11999999999999744,0.1700000000000017,0.0,0.0
32.315,0.0,M, ,0.18500000000000227,0.11999999999999744,0.0,0.0
32.5,0.0,M, ,0.134999999999998,0.18500000000000227,0.0,0.0
32.635,0.0,M, ,0.13000000000000256,0.134999999999998,0.0,0.0
32.765,0.0,M, ,0.11999999999999744,0.13000000000000256,-0.5,0.0
32.885,-0.5,M-L, ,0.46999999999999886,0.11999999999999744,0.5,-0.5
33.355,0.0,M, ,0.125,0.46999999999999886,-1.0,0.5
33.48,-1.0,L, ,0.1600000000000037,0.125,0.0,-1.0
33.64,-1.0,L, ,0.34499999999999886,0.1600000000000037,0.0,0.0
33.985,-1.0,L,.,1.0,0.34499999999999886,1.0,0.0
0.207,0.0,M, ,0.17500000000000002,1.0,0.0,1.0
0.382,0.0,M, ,0.08500000000000002,0.17500000000000002,0.0,0.0
0.467,0.0,M, ,0.10999999999999993,0.08500000000000002,0.0,0.0
0.577,0.0,M, ,0.125,0.10999999999999993,0.0,0.0
0.702,0.0,M, ,0.20500000000000007,0.125,-1.0,0.0
0.907,-1.0,L, ,0.10999999999999988,0.20500000000000007,1.5,-1.0
1.017,0.5,M-H, ,0.8150000000000002,0.10999999999999988,-0.5,1.5
1.832,0.0,M,",",0.15999999999999992,0.8150000000000002,0.0,-0.5
1.992,0.0,M, ,0.10499999999999998,0.15999999999999992,0.0,0.0
2.097,0.0,M, ,0.1499999999999999,0.10499999999999998,1.0,0.0
2.247,1.0,H-H, ,0.43999999999999995,0.1499999999999999,-1.0,1.0
2.687,0.0,M, ,0.15500000000000025,0.43999999999999995,0.0,-1.0
2.842,0.0,M, ,0.06499999999999995,0.15500000000000025,0.0,0.0
2.907,0.0,M, ,0.07500000000000018,0.06499999999999995,0.0,0.0
2.982,0.0,M, ,0.11499999999999977,0.07500000000000018,0.0,0.0
3.097,0.0,M, ,0.08499999999999996,0.11499999999999977,0.0,0.0
3.182,0.0,M, ,0.11500000000000021,0.08499999999999996,0.0,0.0
3.297,0.0,M, ,0.04999999999999982,0.11500000000000021,0.0,0.0
3.347,0.0,M, ,0.04999999999999982,0.04999999999999982,0.0,0.0
3.397,0.0,M, ,0.17000000000000037,0.04999999999999982,-0.5,0.0
3.567,-0.5,M-L, ,0.6749999999999998,0.17000000000000037,0.5,-0.5
4.242,0.0,M, ,0.14499999999999957,0.6749999999999998,0.0,0.5
4.387,0.0,M-M, ,0.1800000000000006,0.14499999999999957,0.0,0.0
4.567,0.0,M, ,0.14999999999999947,0.1800000000000006,0.0,0.0
4.717,0.0,M, ,0.13000000000000078,0.14999999999999947,0.0,0.0
4.847,0.0,M, ,0.0699999999999994,0.13000000000000078,0.0,0.0
4.917,0.0,M, ,0.09499999999999975,0.0699999999999994,0.0,0.0
5.012,0.0,M, ,0.07500000000000018,0.09499999999999975,0.0,0.0
5.087,0.0,M, ,0.10500000000000043,0.07500000000000018,-0.5,0.0
5.192,-0.5,M-L, ,0.1899999999999995,0.10500000000000043,-0.5,-0.5
5.382,-1.0,L, ,0.20000000000000018,0.1899999999999995,1.0,-0.5
5.582,0.0,M, ,0.1200000000000001,0.20000000000000018,0.0,1.0
5.702,0.0,M, ,0.08000000000000007,0.1200000000000001,-0.5,0.0
5.782,-0.5,M-L, ,0.7149999999999999,0.08000000000000007,0.5,-0.5
6.497,0.0,M, ,0.16500000000000004,0.7149999999999999,1.0,0.5
6.662,1.0,H, ,0.1200000000000001,0.16500000000000004,0.0,1.0
6.782,1.0,H, ,0.13999999999999968,0.1200000000000001,-1.0,0.0
6.922,0.0,M, ,0.11500000000000021,0.13999999999999968,0.0,-1.0
7.037,0.0,M, ,0.14500000000000046,0.11500000000000021,0.0,0.0
7.182,0.0,M, ,0.07499999999999929,0.14500000000000046,0.0,0.0
7.257,0.0,M, ,0.09000000000000075,0.07499999999999929,-1.0,0.0
7.347,-1.0,L, ,0.08499999999999996,0.09000000000000075,0.0,-1.0
7.432,-1.0,L, ,0.20999999999999996,0.08499999999999996,1.0,0.0
7.642,0.0,M, ,0.16500000000000004,0.20999999999999996,-1.0,1.0
7.807,-1.0,L, ,0.0649999999999995,0.16500000000000004,0.0,-1.0
7.872,-1.0,L, ,0.08499999999999996,0.0649999999999995,0.0,0.0
7.957,-1.0,L, ,0.11499999999999932,0.08499999999999996,0.0,0.0
8.072,-1.0,L, ,0.14000000000000057,0.11499999999999932,0.0,0.0
8.212,-1.0,L, ,0.9000000000000004,0.14000000000000057,1.0,0.0
9.112,0.0,M,.,0.25,0.9000000000000004,0.0,1.0
9.362,0.0,M, ,0.125,0.25,0.0,0.0
9.487,0.0,M, ,0.09500000000000064,0.125,-1.0,0.0
9.582,-1.0,L, ,0.17499999999999893,0.09500000000000064,1.0,-1.0
9.757,0.0,M, ,0.08000000000000007,0.17499999999999893,0.0,1.0
9.837,0.0,M, ,0.8200000000000003,0.08000000000000007,0.0,0.0
10.657,0.0,M, ,0.1349999999999998,0.8200000000000003,1.0,0.0
10.792,1.0,H, ,0.16500000000000092,0.1349999999999998,0.0,1.0
10.957,1.0,H, ,0.09499999999999886,0.16500000000000092,-1.0,0.0
11.052,0.0,M, ,0.16000000000000014,0.09499999999999886,-0.5,-1.0
11.212,-0.5,M-L, ,0.5850000000000009,0.16000000000000014,0.5,-0.5
11.797,0.0,M, ,0.16999999999999993,0.5850000000000009,1.0,0.5
11.967,1.0,H, ,0.10999999999999943,0.16999999999999993,-0.5,1.0
12.077,0.5,H-M, ,0.2900000000000009,0.10999999999999943,-0.5,-0.5
12.367,0.0,M, ,0.22999999999999865,0.2900000000000009,0.0,-0.5
12.597,0.0,M, ,0.20000000000000107,0.22999999999999865,0.0,0.0
12.797,0.0,M, ,0.1399999999999988,0.20000000000000107,0.0,0.0
12.937,0.0,M, ,0.1349999999999998,0.1399999999999988,-1.0,0.0
13.072,-1.0,L, ,0.1800000000000015,0.1349999999999998,0.0,-1.0
13.252,-1.0,L, ,0.10999999999999943,0.1800000000000015,1.0,0.0
13.362,0.0,M, ,0.15000000000000036,0.10999999999999943,-1.0,1.0
13.512,-1.0,L, ,0.23499999999999943,0.15000000000000036,0.0,-1.0
13.747,-1.0,L, ,0.8849999999999998,0.23499999999999943,1.0,0.0
14.632,0.0,M,.,0.16000000000000014,0.8849999999999998,1.0,1.0
14.792,1.0,H-H, ,0.7850000000000001,0.16000000000000014,-1.0,1.0
15.577,0.0,M, ,0.09500000000000064,0.7850000000000001,0.0,-1.0
15.672,0.0,M, ,0.08000000000000007,0.09500000000000064,1.0,0.0
15.752,1.0,H, ,0.1399999999999988,0.08000000000000007,0.0,1.0
15.892,1.0,H, ,0.10999999999999943,0.1399999999999988,-1.0,0.0
16.002,0.0,M, ,0.13000000000000256,0.10999999999999943,0.0,-1.0
16.132,0.0,M, ,0.1999999999999993,0.13000000000000256,0.0,0.0
16.332,0.0,M, ,0.23499999999999943,0.1999999999999993,0.0,0.0
16.567,0.0,M, ,0.125,0.23499999999999943,0.0,0.0
16.692,0.0,M, ,0.245000000000001,0.125,0.0,0.0
16.937,0.0,M, ,0.16999999999999815,0.245000000000001,-1.0,0.0
17.107,-1.0,L, ,0.3500000000000014,0.16999999999999815,1.0,-1.0
17.457,0.0,M, ,0.14499999999999957,0.3500000000000014,0.0,1.0
17.602,0.0,M, ,0.21000000000000085,0.14499999999999957,0.0,0.0
17.812,0.0,M, ,0.08999999999999986,0.21000000000000085,0.0,0.0
17.902,0.0,M, ,0.14499999999999957,0.08999999999999986,-1.0,0.0
18.047,-1.0,L, ,0.120000000000001,0.14499999999999957,1.0,-1.0
18.167,0.0,M, ,0.10499999999999687,0.120000000000001,-1.0,1.0
18.272,-1.0,L, ,0.22000000000000242,0.10499999999999687,0.0,-1.0
18.492,-1.0,L, ,1.0599999999999987,0.22000000000000242,1.0,0.0
19.552,0.0,M,.,0.13500000000000156,1.0599999999999987,0.0,1.0
19.687,0.0,M, ,0.24499999999999744,0.13500000000000156,-0.5,0.0
19.932,-0.5,M-L, ,0.22500000000000142,0.24499999999999744,0.5,-0.5
20.157,0.0,M, ,0.054999999999999716,0.22500000000000142,0.0,0.5
20.212,0.0,M, ,0.14499999999999957,0.054999999999999716,1.0,0.0
20.357,1.0,H-H, ,0.7200000000000024,0.14499999999999957,-1.0,1.0
21.077,0.0,M, ,0.16999999999999815,0.7200000000000024,1.0,-1.0
21.247,1.0,H, ,0.10500000000000043,0.16999999999999815,0.0,1.0
21.352,1.0,H, ,0.10000000000000142,0.10500000000000043,-0.5,0.0
21.452,0.5,H-M, ,0.24499999999999744,0.10000000000000142,-0.5,-0.5
21.697,0.0,M, ,0.14499999999999957,0.24499999999999744,0.0,-0.5
21.842,0.0,M, ,0.11500000000000199,0.14499999999999957,0.0,0.0
21.957,0.0,M, ,0.16499999999999915,0.11500000000000199,0.0,0.0
22.122,0.0,M, ,0.21000000000000085,0.16499999999999915,0.0,0.0
22.332,0.0,M, ,0.0799999999999983,0.21000000000000085,0.0,0.0
22.412,0.0,M, ,0.17999999999999972,0.0799999999999983,0.0,0.0
22.592,0.0,M, ,0.120000000000001,0.17999999999999972,-1.0,0.0
22.712,-1.0,L, ,0.16000000000000014,0.120000000000001,1.0,-1.0
22.872,0.0,M, ,0.129999999999999,0.16000000000000014,-1.0,1.0
23.002,-1.0,L, ,0.2699999999999996,0.129999999999999,1.0,-1.0
23.272,0.0,M, ,0.21000000000000085,0.2699999999999996,0.5,1.0
23.482,0.5,M-H, ,0.620000000000001,0.21000000000000085,-0.5,0.5
24.102,0.0,M, ,0.08999999999999986,0.620000000000001,-1.0,-0.5
24.192,-1.0,L, ,0.19000000000000128,0.08999999999999986,1.0,-1.0
24.382,0.0,M, ,0.379999999999999,0.19000000000000128,0.0,1.0
24.762,0.0,M, ,0.125,0.379999999999999,0.0,0.0
24.887,0.0,M, ,0.14499999999999957,0.125,0.0,0.0
25.032,0.0,M, ,0.15500000000000114,0.14499999999999957,-1.0,0.0
25.187,-1.0,L, ,0.129999999999999,0.15500000000000114,0.0,-1.0
25.317,-1.0,L, ,0.09499999999999886,0.129999999999999,0.0,0.0
25.412,-1.0,L, ,1.1650000000000027,0.09499999999999886,1.0,0.0
26.577,0.0,M,.,0.08999999999999986,1.1650000000000027,0.0,1.0
26.667,0.0,M, ,0.04999999999999716,0.08999999999999986,1.0,0.0
26.717,1.0,H, ,0.15500000000000114,0.04999999999999716,0.0,1.0
26.872,1.0,H, ,0.08500000000000085,0.15500000000000114,0.0,0.0
26.957,1.0,H, ,0.05000000000000071,0.08500000000000085,-1.0,0.0
27.007,0.0,M, ,0.16499999999999915,0.05000000000000071,0.0,-1.0
27.172,0.0,M, ,0.134999999999998,0.16499999999999915,0.0,0.0
27.307,0.0,M, ,0.21000000000000085,0.134999999999998,0.0,0.0
27.517,0.0,M, ,0.11500000000000199,0.21000000000000085,0.0,0.0
27.632,0.0,M, ,0.11499999999999844,0.11500000000000199,-0.5,0.0
27.747,-0.5,M-L, ,0.15500000000000114,0.11499999999999844,0.5,-0.5
27.902,0.0,M, ,0.15499999999999758,0.15500000000000114,-0.5,0.5
28.057,-0.5,M-L, ,0.490000000000002,0.15499999999999758,0.5,-0.5
28.547,0.0,M, ,0.14999999999999858,0.490000000000002,0.0,0.5
28.697,0.0,M, ,0.15500000000000114,0.14999999999999858,0.5,0.0
28.852,0.5,H-M, ,0.28500000000000014,0.15500000000000114,-0.5,0.5
29.137,0.0,M, ,0.14000000000000057,0.28500000000000014,-1.0,-0.5
29.277,-1.0,L, ,0.26500000000000057,0.14000000000000057,1.0,-1.0
29.542,0.0,M, ,0.14999999999999858,0.26500000000000057,0.0,1.0
29.692,0.0,M, ,0.5449999999999982,0.14999999999999858,0.0,0.0
30.237,0.0,M,",",0.19000000000000128,0.5449999999999982,0.0,0.0
30.427,0.0,M, ,0.240000000000002,0.19000000000000128,-0.5,0.0
30.667,-0.5,L-M, ,0.5,0.240000000000002,0.5,-0.5
31.167,0.0,M-M, ,0.129999999999999,0.5,-1.0,0.5
31.297,-1.0,L, ,0.10999999999999943,0.129999999999999,0.0,-1.0
31.407,-1.0,L, ,1.1849999999999987,0.10999999999999943,1.0,0.0
32.592,0.0,M,.,0.10999999999999943,1.1849999999999987,0.0,1.0
32.702,0.0,M, ,0.11500000000000199,0.10999999999999943,0.0,0.0
32.817,0.0,M, ,0.10000000000000142,0.11500000000000199,1.0,0.0
32.917,1.0,H, ,0.134999999999998,0.10000000000000142,-1.0,1.0
33.052,0.0,M, ,0.22999999999999687,0.134999999999998,0.0,-1.0
33.282,0.0,M-M, ,0.21000000000000085,0.22999999999999687,0.5,0.0
33.492,0.5,M-H, ,0.7100000000000009,0.21000000000000085,-0.5,0.5
34.202,0.0,M, ,0.14500000000000313,0.7100000000000009,0.0,-0.5
34.347,0.0,M, ,0.10499999999999687,0.14500000000000313,1.0,0.0
34.452,1.0,H, ,0.09000000000000341,0.10499999999999687,0.0,1.0
34.542,1.0,H, ,0.0899999999999963,0.09000000000000341,-1.0,0.0
34.632,0.0,M, ,0.13500000000000512,0.0899999999999963,0.0,-1.0
34.767,0.0,M, ,0.14999999999999858,0.13500000000000512,-0.5,0.0
34.917,-0.5,M-L, ,0.19500000000000028,0.14999999999999858,0.5,-0.5
35.112,0.0,M, ,0.14000000000000057,0.19500000000000028,0.0,0.5
35.252,0.0,M, ,0.26500000000000057,0.14000000000000057,-1.0,0.0
35.517,-1.0,L, ,0.48499999999999943,0.26500000000000057,1.0,-1.0
36.002,0.0,M-M, ,0.11499999999999488,0.48499999999999943,0.0,1.0
36.117,0.0,M, ,0.1600000000000037,0.11499999999999488,-1.0,0.0
36.277,-1.0,L, ,0.14499999999999602,0.1600000000000037,0.0,-1.0
36.422,-1.0,L, ,0.13500000000000512,0.14499999999999602,1.0,0.0
36.557,0.0,M, ,0.9849999999999994,0.13500000000000512,0.0,1.0
37.542,0.0,M,.,0.0799999999999983,0.9849999999999994,0.0,0.0
37.622,0.0,M, ,0.2150000000000034,0.0799999999999983,0.0,0.0
37.837,0.0,M, ,0.14499999999999602,0.2150000000000034,0.0,0.0
37.982,0.0,M, ,0.16499999999999915,0.14499999999999602,0.0,0.0
38.147,0.0,M, ,0.14000000000000057,0.16499999999999915,-1.0,0.0
38.287,-1.0,L, ,0.15500000000000114,0.14000000000000057,1.0,-1.0
38.442,0.0,M, ,0.14999999999999858,0.15500000000000114,0.0,1.0
38.592,0.0,M, ,0.13000000000000256,0.14999999999999858,0.0,0.0
38.722,0.0,M, ,0.1599999999999966,0.13000000000000256,-1.0,0.0
38.882,-1.0,L, ,0.10999999999999943,0.1599999999999966,0.0,-1.0
38.992,-1.0,L, ,0.14500000000000313,0.10999999999999943,0.5,0.0
39.137,-0.5,M-L, ,0.23499999999999943,0.14500000000000313,-0.5,0.5
39.372,-1.0,L, ,0.09000000000000341,0.23499999999999943,0.0,-0.5
39.462,-1.0,L, ,0.10999999999999943,0.09000000000000341,0.0,0.0
39.572,-1.0,L, ,0.11999999999999744,0.10999999999999943,0.0,0.0
39.692,-1.0,L, ,0.054999999999999716,0.11999999999999744,0.0,0.0
39.747,-1.0,L, ,0.07500000000000284,0.054999999999999716,1.0,0.0
39.822,0.0,M, ,0.1599999999999966,0.07500000000000284,1.0,1.0
39.982,1.0,H, ,0.7349999999999994,0.1599999999999966,-1.0,1.0
40.717,0.0,M, ,0.13000000000000256,0.7349999999999994,0.0,-1.0
40.847,0.0,M, ,0.10000000000000142,0.13000000000000256,1.0,0.0
40.947,1.0,H, ,0.09499999999999886,0.10000000000000142,0.0,1.0
41.042,1.0,H, ,0.0899999999999963,0.09499999999999886,-1.0,0.0
41.132,0.0,M, ,0.15500000000000114,0.0899999999999963,0.0,-1.0
41.287,0.0,M, ,0.14999999999999858,0.15500000000000114,0.0,0.0
41.437,0.0,M, ,0.5949999999999989,0.14999999999999858,0.0,0.0
42.032,0.0,M, ,0.04000000000000625,0.5949999999999989,0.0,0.0
42.072,0.0,M, ,0.134999999999998,0.04000000000000625,1.0,0.0
42.207,1.0,H, ,0.1599999999999966,0.134999999999998,0.0,1.0
42.367,1.0,H, ,0.14000000000000057,0.1599999999999966,-1.0,0.0
42.507,0.0,M, ,0.10999999999999943,0.14000000000000057,0.0,-1.0
42.617,0.0,M, ,0.05000000000000426,0.10999999999999943,-1.0,0.0
42.667,-1.0,L, ,0.4099999999999966,0.05000000000000426,0.5,-1.0
43.077,-0.5,M-L, ,0.5799999999999983,0.4099999999999966,-0.5,0.5
43.657,-1.0,L, ,0.09500000000000597,0.5799999999999983,1.0,-0.5
43.752,0.0,M, ,0.1699999999999946,0.09500000000000597,0.0,1.0
43.922,0.0,M, ,0.10999999999999943,0.1699999999999946,-1.0,0.0
44.032,-1.0,L, ,0.060000000000002274,0.10999999999999943,0.0,-1.0
44.092,-1.0,L, ,0.10000000000000142,0.060000000000002274,0.0,0.0
44.192,-1.0,L,.,1.0,0.10000000000000142,1.0,0.0
0.247,0.0,M, ,0.22000000000000003,1.0,-1.0,1.0
0.467,-1.0,L, ,0.11999999999999994,0.22000000000000003,1.5,-1.0
0.587,0.5,M-H, ,0.79,0.11999999999999994,-0.5,1.5
1.377,0.0,M,",",0.11499999999999999,0.79,1.0,-0.5
1.492,1.0,H, ,0.18500000000000005,0.11499999999999999,0.0,1.0
1.677,1.0,H, ,0.17500000000000004,0.18500000000000005,-1.0,0.0
1.852,0.0,M, ,0.1399999999999999,0.17500000000000004,0.0,-1.0
1.992,0.0,M, ,0.1200000000000001,0.1399999999999999,0.0,0.0
2.112,0.0,M, ,0.27,0.1200000000000001,0.0,0.0
2.382,0.0,M, ,0.06499999999999995,0.27,-1.0,0.0
2.447,-1.0,L, ,0.08999999999999986,0.06499999999999995,1.0,-1.0
2.537,0.0,M, ,0.0950000000000002,0.08999999999999986,0.0,1.0
2.632,0.0,M, ,0.06999999999999984,0.0950000000000002,-1.0,0.0
2.702,-1.0,L, ,0.1499999999999999,0.06999999999999984,0.0,-1.0
2.852,-1.0,L, ,0.11500000000000021,0.1499999999999999,1.0,0.0
2.967,0.0,M, ,0.18500000000000005,0.11500000000000021,1.0,1.0
3.152,1.0,H-H, ,0.75,0.18500000000000005,-1.0,1.0
3.902,0.0,M, ,0.2599999999999998,0.75,1.0,-1.0
4.162,1.0,H, ,0.08499999999999996,0.2599999999999998,-1.0,1.0
4.247,0.0,M, ,0.11500000000000021,0.08499999999999996,0.0,-1.0
4.362,0.0,M, ,0.09499999999999975,0.11500000000000021,1.0,0.0
4.457,1.0,H, ,0.11000000000000032,0.09499999999999975,-1.0,1.0
4.567,0.0,M, ,0.15500000000000025,0.11000000000000032,0.0,-1.0
4.722,0.0,M, ,0.1949999999999994,0.15500000000000025,0.0,0.0
4.917,0.0,M, ,0.20999999999999996,0.1949999999999994,0.0,0.0
5.127,0.0,M, ,0.2400000000000002,0.20999999999999996,0.0,0.0
5.367,0.0,M, ,0.45500000000000007,0.2400000000000002,-1.0,0.0
5.822,-1.0,L, ,0.1349999999999998,0.45500000000000007,1.0,-1.0
5.957,0.0,M, ,0.10000000000000053,0.1349999999999998,0.0,1.0
6.057,0.0,M, ,0.08499999999999996,0.10000000000000053,0.0,0.0
6.142,0.0,M, ,0.11499999999999932,0.08499999999999996,0.0,0.0
6.257,0.0,M, ,0.20999999999999996,0.11499999999999932,-1.0,0.0
6.467,-1.0,L, ,0.125,0.20999999999999996,0.0,-1.0
6.592,-1.0,L, ,0.2550000000000008,0.125,0.0,0.0
6.847,-1.0,L, ,1.0649999999999995,0.2550000000000008,1.0,0.0
7.912,0.0,M,.,0.17000000000000082,1.0649999999999995,0.0,1.0
8.082,0.0,M, ,0.06999999999999851,0.17000000000000082,-1.0,0.0
8.152,-1.0,L, ,0.125,0.06999999999999851,0.0,-1.0
8.277,-1.0,L, ,0.13500000000000156,0.125,0.0,0.0
8.412,-1.0,L, ,0.22499999999999964,0.13500000000000156,0.5,0.0
8.637,-0.5,L-M, ,0.754999999999999,0.22499999999999964,0.5,0.5
9.392,0.0,M,",",0.1850000000000005,0.754999999999999,1.0,0.5
9.577,1.0,H, ,0.09500000000000064,0.1850000000000005,-1.0,1.0
9.672,0.0,M, ,0.14999999999999858,0.09500000000000064,-1.0,-1.0
9.822,-1.0,L, ,0.16500000000000092,0.14999999999999858,1.0,-1.0
9.987,0.0,M, ,0.08499999999999908,0.16500000000000092,-0.5,1.0
10.072,-0.5,M-L, ,0.27000000000000135,0.08499999999999908,0.0,-0.5
10.342,-0.5,L-M, ,0.6500000000000004,0.27000000000000135,0.5,0.0
10.992,0.0,M,",",0.254999999999999,0.6500000000000004,0.0,0.5
11.247,0.0,M, ,0.05000000000000071,0.254999999999999,0.0,0.0
11.297,0.0,M, ,0.16999999999999993,0.05000000000000071,0.0,0.0
11.467,0.0,M-M, ,0.375,0.16999999999999993,0.0,0.0
11.842,0.0,M, ,0.09499999999999886,0.375,-1.0,0.0
11.937,-1.0,L, ,0.15500000000000114,0.09499999999999886,0.0,-1.0
12.092,-1.0,L, ,0.25,0.15500000000000114,0.0,0.0
12.342,-1.0,L, ,0.15000000000000036,0.25,0.5,0.0
12.492,-0.5,L-M, ,0.7249999999999996,0.15000000000000036,0.5,0.5
13.217,0.0,M,",",0.08999999999999986,0.7249999999999996,-0.5,0.5
13.307,-0.5,M-L, ,0.15000000000000036,0.08999999999999986,0.5,-0.5
13.457,0.0,M, ,0.22499999999999964,0.15000000000000036,0.0,0.5
13.682,0.0,M, ,0.28500000000000014,0.22499999999999964,-1.0,0.0
13.967,-1.0,L, ,0.1899999999999995,0.28500000000000014,0.0,-1.0
14.157,-1.0,L, ,0.10500000000000043,0.1899999999999995,0.0,0.0
14.262,-1.0,L, ,0.054999999999999716,0.10500000000000043,0.0,0.0
14.317,-1.0,L, ,0.1999999999999993,0.054999999999999716,0.5,0.0
14.517,-0.5,M-L, ,0.5500000000000007,0.1999999999999993,0.5,0.5
15.067,0.0,M, ,0.125,0.5500000000000007,-1.0,0.5
15.192,-1.0,L, ,0.11500000000000021,0.125,0.0,-1.0
15.307,-1.0,L, ,0.25,0.11500000000000021,0.0,0.0
15.557,-1.0,L, ,0.08999999999999986,0.25,0.0,0.0
15.647,-1.0,L, ,1.1549999999999994,0.08999999999999986,1.0,0.0
16.802,0.0,M,.,0.14000000000000057,1.1549999999999994,1.0,1.0
16.942,1.0,H, ,0.07000000000000028,0.14000000000000057,0.0,1.0
17.012,1.0,H, ,0.09499999999999886,0.07000000000000028,-1.0,0.0
17.107,0.0,M, ,0.06500000000000128,0.09499999999999886,0.0,-1.0
17.172,0.0,M, ,0.14999999999999858,0.06500000000000128,1.0,0.0
17.322,1.0,H, ,0.03999999999999915,0.14999999999999858,0.0,1.0
17.362,1.0,H, ,0.1750000000000007,0.03999999999999915,-1.0,0.0
17.537,0.0,M, ,0.120000000000001,0.1750000000000007,0.0,-1.0
17.657,0.0,M, ,0.07000000000000028,0.120000000000001,0.0,0.0
17.727,0.0,M, ,0.08999999999999986,0.07000000000000028,0.0,0.0
17.817,0.0,M, ,0.08500000000000085,0.08999999999999986,-0.5,0.0
17.902,-0.5,M-L, ,0.8299999999999983,0.08500000000000085,0.5,-0.5
18.732,0.0,M, ,0.08999999999999986,0.8299999999999983,0.0,0.5
18.822,0.0,M, ,0.15000000000000213,0.08999999999999986,0.0,0.0
18.972,0.0,M, ,0.134999999999998,0.15000000000000213,0.0,0.0
19.107,0.0,M, ,0.22500000000000142,0.134999999999998,0.0,0.0
19.332,0.0,M, ,0.09499999999999886,0.22500000000000142,0.0,0.0
19.427,0.0,M, ,0.14000000000000057,0.09499999999999886,-1.0,0.0
19.567,-1.0,L, ,0.625,0.14000000000000057,1.0,-1.0
20.192,0.0,M, ,0.23000000000000043,0.625,1.0,1.0
20.422,1.0,H, ,0.09999999999999787,0.23000000000000043,0.0,1.0
20.522,1.0,H, ,0.11000000000000298,0.09999999999999787,0.0,0.0
20.632,1.0,H, ,0.09999999999999787,0.11000000000000298,-2.0,0.0
20.732,-1.0,L, ,0.129999999999999,0.09999999999999787,1.0,-2.0
20.862,0.0,M, ,0.21000000000000085,0.129999999999999,0.0,1.0
21.072,0.0,M, ,0.14499999999999957,0.21000000000000085,-1.0,0.0
21.217,-1.0,L-L, ,0.5850000000000009,0.14499999999999957,1.0,-1.0
21.802,0.0,M, ,0.10000000000000142,0.5850000000000009,0.0,1.0
21.902,0.0,M, ,0.1750000000000007,0.10000000000000142,0.0,0.0
22.077,0.0,M, ,0.10999999999999943,0.1750000000000007,-1.0,0.0
22.187,-1.0,L, ,0.16499999999999915,0.10999999999999943,0.0,-1.0
22.352,-1.0,L-L, ,0.5949999999999989,0.16499999999999915,1.0,0.0
22.947,0.0,M, ,0.08500000000000085,0.5949999999999989,0.0,1.0
23.032,0.0,M, ,0.1750000000000007,0.08500000000000085,0.0,0.0
23.207,0.0,M, ,0.2699999999999996,0.1750000000000007,-1.0,0.0
23.477,-1.0,L, ,0.06500000000000128,0.2699999999999996,0.0,-1.0
23.542,-1.0,L, ,0.14999999999999858,0.06500000000000128,0.0,0.0
23.692,-1.0,L, ,0.08999999999999986,0.14999999999999858,0.0,0.0
23.782,-1.0,L,.,1.0,0.08999999999999986,0.0,0.0
0.596,-1.0,L, ,0.14,1.0,1.0,0.0
0.736,0.0,M, ,0.08999999999999997,0.14,0.0,1.0
0.826,0.0,M, ,0.1050000000000001,0.08999999999999997,0.0,0.0
0.931,0.0,M, ,0.09999999999999987,0.1050000000000001,0.0,0.0
1.031,0.0,M, ,0.30500000000000016,0.09999999999999987,0.5,0.0
1.336,0.5,M-H, ,0.6899999999999997,0.30500000000000016,-0.5,0.5
2.026,0.0,M, ,0.15000000000000036,0.6899999999999997,1.0,-0.5
2.176,1.0,H, ,0.08499999999999996,0.15000000000000036,0.0,1.0
2.261,1.0,H, ,0.11499999999999977,0.08499999999999996,0.0,0.0
2.376,1.0,H, ,0.10499999999999998,0.11499999999999977,-1.0,0.0
2.481,0.0,M, ,0.08499999999999996,0.10499999999999998,0.0,-1.0
2.566,0.0,M, ,0.15000000000000036,0.08499999999999996,0.0,0.0
2.716,0.0,M, ,0.09999999999999964,0.15000000000000036,-1.0,0.0
2.816,-1.0,L, ,0.06000000000000005,0.09999999999999964,1.0,-1.0
2.876,0.0,M, ,0.1299999999999999,0.06000000000000005,0.0,1.0
3.006,0.0,M, ,0.0900000000000003,0.1299999999999999,0.0,0.0
3.096,0.0,M, ,0.08499999999999996,0.0900000000000003,-1.0,0.0
3.181,-1.0,L, ,0.23999999999999977,0.08499999999999996,0.5,-1.0
3.421,-0.5,M-L, ,0.7799999999999998,0.23999999999999977,0.5,0.5
4.201,0.0,M, ,0.14500000000000046,0.7799999999999998,1.0,0.5
4.346,1.0,H, ,0.17499999999999982,0.14500000000000046,-0.5,1.0
4.521,0.5,H-M, ,0.11000000000000032,0.17499999999999982,-0.5,-0.5
4.631,0.0,M, ,0.11500000000000021,0.11000000000000032,0.0,-0.5
4.746,0.0,M, ,0.2599999999999998,0.11500000000000021,0.0,0.0
5.006,0.0,M, ,0.16999999999999993,0.2599999999999998,-1.0,0.0
5.176,-1.0,L, ,0.1200000000000001,0.16999999999999993,1.0,-1.0
5.296,0.0,M, ,0.15499999999999936,0.1200000000000001,-1.0,1.0
5.451,-1.0,L, ,0.10000000000000053,0.15499999999999936,0.0,-1.0
5.551,-1.0,L, ,0.20999999999999996,0.10000000000000053,1.0,0.0
5.761,0.0,M, ,0.1899999999999995,0.20999999999999996,0.5,1.0
5.951,0.5,M-H, ,0.7300000000000004,0.1899999999999995,-0.5,0.5
6.681,0.0,M,",",0.29499999999999993,0.7300000000000004,0.0,-0.5
6.976,0.0,M, ,0.20999999999999996,0.29499999999999993,0.0,0.0
7.186,0.0,M, ,0.7700000000000005,0.20999999999999996,0.0,0.0
7.956,0.0,M, ,0.07999999999999918,0.7700000000000005,1.0,0.0
8.036,1.0,H, ,0.17999999999999972,0.07999999999999918,0.0,1.0
8.216,1.0,H, ,0.06500000000000128,0.17999999999999972,-1.0,0.0
8.281,0.0,M, ,0.16499999999999915,0.06500000000000128,0.0,-1.0
8.446,0.0,M, ,0.08000000000000007,0.16499999999999915,-1.0,0.0
8.526,-1.0,L, ,0.08500000000000085,0.08000000000000007,1.0,-1.0
8.611,0.0,M, ,0.10999999999999943,0.08500000000000085,0.0,1.0
8.721,0.0,M, ,0.1349999999999998,0.10999999999999943,-1.0,0.0
8.856,-1.0,L, ,0.09999999999999964,0.1349999999999998,1.0,-1.0
8.956,0.0,M-M, ,0.5250000000000004,0.09999999999999964,-0.5,1.0
9.481,-0.5,M-L, ,0.21499999999999986,0.5250000000000004,-0.5,-0.5
9.696,-1.0,L, ,0.05000000000000071,0.21499999999999986,0.0,-0.5
9.746,-1.0,L, ,0.20500000000000007,0.05000000000000071,0.0,0.0
9.951,-1.0,L, ,1.1849999999999987,0.20500000000000007,1.0,0.0
11.136,0.0,M,.,0.120000000000001,1.1849999999999987,0.0,1.0
11.256,0.0,M, ,0.07499999999999929,0.120000000000001,-1.0,0.0
11.331,-1.0,L, ,0.13000000000000078,0.07499999999999929,1.0,-1.0
11.461,0.0,M, ,0.1999999999999993,0.13000000000000078,-1.0,1.0
11.661,-1.0,L, ,0.10500000000000043,0.1999999999999993,1.5,-1.0
11.766,0.5,M-H, ,0.8100000000000005,0.10500000000000043,0.5,1.5
12.576,1.0,H, ,0.1349999999999998,0.8100000000000005,0.0,0.5
12.711,1.0,H, ,0.08999999999999986,0.1349999999999998,-1.0,0.0
12.801,0.0,M, ,0.27500000000000036,0.08999999999999986,0.0,-1.0
13.076,0.0,M, ,0.16000000000000014,0.27500000000000036,0.5,0.0
13.236,0.5,M-H, ,0.7249999999999996,0.16000000000000014,-0.5,0.5
13.961,0.0,M,",",0.16499999999999915,0.7249999999999996,0.0,-0.5
14.126,0.0,M, ,0.120000000000001,0.16499999999999915,0.0,0.0
14.246,0.0,M, ,0.08499999999999908,0.120000000000001,0.0,0.0
14.331,0.0,M, ,0.07500000000000107,0.08499999999999908,0.0,0.0
14.406,0.0,M, ,0.11500000000000021,0.07500000000000107,-0.5,0.0
14.521,-0.5,M-L, ,0.48999999999999844,0.11500000000000021,0.5,-0.5
15.011,0.0,M, ,0.11000000000000121,0.48999999999999844,0.0,0.5
15.121,0.0,M, ,0.21499999999999986,0.11000000000000121,-0.5,0.0
15.336,-0.5,M-L, ,0.6850000000000005,0.21499999999999986,0.5,-0.5
16.021,0.0,M, ,0.23499999999999943,0.6850000000000005,0.0,0.5
16.256,0.0,M, ,0.0799999999999983,0.23499999999999943,-0.5,0.0
16.336,-0.5,M-L, ,0.14000000000000057,0.0799999999999983,0.5,-0.5
16.476,0.0,M, ,0.1700000000000017,0.14000000000000057,-0.5,0.5
16.646,-0.5,M-L, ,0.379999999999999,0.1700000000000017,1.0,-0.5
17.026,0.5,M-H, ,0.6950000000000003,0.379999999999999,-0.5,1.0
17.721,0.0,M, ,0.129999999999999,0.6950000000000003,1.0,-0.5
17.851,1.0,H, ,0.16499999999999915,0.129999999999999,-0.5,1.0
18.016,0.5,H-M, ,0.11000000000000298,0.16499999999999915,-0.5,-0.5
18.126,0.0,M, ,0.10999999999999943,0.11000000000000298,0.0,-0.5
18.236,0.0,M, ,0.125,0.10999999999999943,0.0,0.0
18.361,0.0,M, ,0.14000000000000057,0.125,0.0,0.0
18.501,0.0,M, ,0.14499999999999957,0.14000000000000057,0.0,0.0
18.646,0.0,M, ,0.125,0.14499999999999957,-1.0,0.0
18.771,-1.0,L, ,0.16000000000000014,0.125,0.0,-1.0
18.931,-1.0,L, ,0.15499999999999758,0.16000000000000014,1.0,0.0
19.086,0.0,M, ,0.18500000000000227,0.15499999999999758,-1.0,1.0
19.271,-1.0,L, ,0.08500000000000085,0.18500000000000227,0.0,-1.0
19.356,-1.0,L, ,0.13999999999999702,0.08500000000000085,0.0,0.0
19.496,-1.0,L, ,0.13000000000000256,0.13999999999999702,0.0,0.0
19.626,-1.0,L, ,0.10999999999999943,0.13000000000000256,1.0,0.0
19.736,0.0,M, ,1.0899999999999999,0.10999999999999943,-1.0,1.0
20.826,-1.0,L,.,0.254999999999999,1.0899999999999999,1.0,-1.0
21.081,0.0,M, ,0.08500000000000085,0.254999999999999,0.0,1.0
21.166,0.0,M, ,0.09499999999999886,0.08500000000000085,0.0,0.0
21.261,0.0,M, ,0.10500000000000043,0.09499999999999886,-1.0,0.0
21.366,-1.0,L, ,0.11500000000000199,0.10500000000000043,0.0,-1.0
21.481,-1.0,L, ,0.17999999999999972,0.11500000000000199,1.0,0.0
21.661,0.0,M, ,0.13999999999999702,0.17999999999999972,0.0,1.0
21.801,0.0,M, ,0.13500000000000156,0.13999999999999702,1.0,0.0
21.936,1.0,H-H, ,0.8000000000000007,0.13500000000000156,-1.0,1.0
22.736,0.0,M, ,0.14499999999999957,0.8000000000000007,1.0,-1.0
22.881,1.0,H, ,0.134999999999998,0.14499999999999957,0.0,1.0
23.016,1.0,H, ,0.14500000000000313,0.134999999999998,-1.0,0.0
23.161,0.0,M, ,0.14999999999999858,0.14500000000000313,-1.0,-1.0
23.311,-1.0,L, ,0.19500000000000028,0.14999999999999858,0.0,-1.0
23.506,-1.0,L, ,0.14000000000000057,0.19500000000000028,0.5,0.0
23.646,-0.5,M-L, ,0.5350000000000001,0.14000000000000057,0.5,0.5
24.181,0.0,M, ,0.134999999999998,0.5350000000000001,-1.0,0.5
24.316,-1.0,L, ,0.2699999999999996,0.134999999999998,0.5,-1.0
24.586,-0.5,M-L, ,0.13000000000000256,0.2699999999999996,-0.5,0.5
24.716,-1.0,L, ,0.3149999999999977,0.13000000000000256,0.0,-0.5
25.031,-1.0,L, ,1.0250000000000021,0.3149999999999977,1.0,0.0
26.056,0.0,M,.,0.14000000000000057,1.0250000000000021,0.0,1.0
26.196,0.0,M, ,0.129999999999999,0.14000000000000057,1.0,0.0
26.326,1.0,H, ,0.08500000000000085,0.129999999999999,-1.0,1.0
26.411,0.0,M, ,0.125,0.08500000000000085,0.0,-1.0
26.536,0.0,M, ,0.1999999999999993,0.125,0.0,0.0
26.736,0.0,M, ,0.08999999999999986,0.1999999999999993,0.0,0.0
26.826,0.0,M, ,0.07000000000000028,0.08999999999999986,0.0,0.0
26.896,0.0,M, ,0.18499999999999872,0.07000000000000028,0.0,0.0
27.081,0.0,M, ,0.21000000000000085,0.18499999999999872,1.0,0.0
27.291,1.0,H, ,0.07499999999999929,0.21000000000000085,-1.0,1.0
27.366,0.0,M, ,0.14000000000000057,0.07499999999999929,0.0,-1.0
27.506,0.0,M, ,0.125,0.14000000000000057,0.0,0.0
27.631,0.0,M, ,0.134999999999998,0.125,-0.5,0.0
27.766,-0.5,M-L, ,0.15000000000000213,0.134999999999998,0.5,-0.5
27.916,0.0,M, ,0.245000000000001,0.15000000000000213,-0.5,0.5
28.161,-0.5,M-L, ,0.125,0.245000000000001,0.5,-0.5
28.286,0.0,M, ,0.14999999999999858,0.125,0.0,0.5
28.436,0.0,M, ,0.1700000000000017,0.14999999999999858,-1.0,0.0
28.606,-1.0,L, ,0.2699999999999996,0.1700000000000017,1.0,-1.0
28.876,0.0,M, ,0.16999999999999815,0.2699999999999996,0.5,1.0
29.046,0.5,M-H, ,0.5150000000000006,0.16999999999999815,-1.0,0.5
29.561,-0.5,M-L, ,0.16499999999999915,0.5150000000000006,-0.5,-1.0
29.726,-1.0,L, ,0.06500000000000128,0.16499999999999915,0.0,-0.5
29.791,-1.0,L, ,0.21999999999999886,0.06500000000000128,1.0,0.0
30.011,0.0,M, ,0.14499999999999957,0.21999999999999886,-1.0,1.0
30.156,-1.0,L, ,0.120000000000001,0.14499999999999957,0.0,-1.0
30.276,-1.0,L, ,0.9400000000000013,0.120000000000001,1.0,0.0
31.216,0.0,M-M,.,0.2049999999999983,0.9400000000000013,0.0,1.0
31.421,0.0,M, ,0.08000000000000185,0.2049999999999983,-1.0,0.0
31.501,-1.0,L, ,0.15499999999999758,0.08000000000000185,0.0,-1.0
31.656,-1.0,L, ,0.21000000000000085,0.15499999999999758,0.0,0.0
31.866,-1.0,L, ,0.11500000000000199,0.21000000000000085,1.5,0.0
31.981,0.5,M-H, ,0.6599999999999966,0.11500000000000199,-0.5,1.5
32.641,0.0,M, ,0.12000000000000455,0.6599999999999966,0.0,-0.5
32.761,0.0,M, ,0.05999999999999517,0.12000000000000455,0.0,0.0
32.821,0.0,M, ,0.10000000000000142,0.05999999999999517,1.0,0.0
32.921,1.0,H, ,0.134999999999998,0.10000000000000142,-1.0,1.0
33.056,0.0,M, ,0.10999999999999943,0.134999999999998,0.0,-1.0
33.166,0.0,M, ,0.09000000000000341,0.10999999999999943,0.0,0.0
33.256,0.0,M, ,0.14999999999999858,0.09000000000000341,0.0,0.0
33.406,0.0,M, ,0.07500000000000284,0.14999999999999858,0.0,0.0
33.481,0.0,M, ,0.08500000000000085,0.07500000000000284,0.0,0.0
33.566,0.0,M-M, ,0.26500000000000057,0.08500000000000085,0.0,0.0
33.831,0.0,M, ,0.17499999999999716,0.26500000000000057,-1.0,0.0
34.006,-1.0,L, ,0.07000000000000028,0.17499999999999716,0.0,-1.0
34.076,-1.0,L, ,0.14000000000000057,0.07000000000000028,0.0,0.0
34.216,-1.0,L, ,0.5600000000000023,0.14000000000000057,1.0,0.0
34.776,0.0,M, ,0.07499999999999574,0.5600000000000023,0.0,1.0
34.851,0.0,M, ,0.10999999999999943,0.07499999999999574,-0.5,0.0
34.961,-0.5,M-L, ,0.259999999999998,0.10999999999999943,-0.5,-0.5
35.221,-1.0,L, ,0.22000000000000597,0.259999999999998,0.0,-0.5
35.441,-1.0,L, ,0.9649999999999963,0.22000000000000597,1.0,0.0
36.406,0.0,M,.,0.10500000000000398,0.9649999999999963,1.0,1.0
36.511,1.0,H, ,0.0799999999999983,0.10500000000000398,0.0,1.0
36.591,1.0,H, ,0.10000000000000142,0.0799999999999983,0.0,0.0
36.691,1.0,H, ,0.14499999999999602,0.10000000000000142,0.0,0.0
36.836,1.0,H, ,0.07000000000000028,0.14499999999999602,-1.0,0.0
36.906,0.0,M, ,0.10500000000000398,0.07000000000000028,0.0,-1.0
37.011,0.0,M, ,0.134999999999998,0.10500000000000398,0.0,0.0
37.146,0.0,M, ,0.11999999999999744,0.134999999999998,0.0,0.0
37.266,0.0,M, ,0.10999999999999943,0.11999999999999744,0.0,0.0
37.376,0.0,M, ,0.17500000000000426,0.10999999999999943,0.0,0.0
37.551,0.0,M, ,0.19500000000000028,0.17500000000000426,-1.0,0.0
37.746,-1.0,L-L, ,0.7349999999999994,0.19500000000000028,1.0,-1.0
38.481,0.0,M, ,0.06499999999999773,0.7349999999999994,1.0,1.0
38.546,1.0,H, ,0.18500000000000227,0.06499999999999773,0.0,1.0
38.731,1.0,H, ,0.05999999999999517,0.18500000000000227,-1.0,0.0
38.791,0.0,M, ,0.13000000000000256,0.05999999999999517,0.0,-1.0
38.921,0.0,M, ,0.21000000000000085,0.13000000000000256,0.0,0.0
39.131,0.0,M, ,0.125,0.21000000000000085,0.0,0.0
39.256,0.0,M, ,0.18500000000000227,0.125,-1.0,0.0
39.441,-1.0,L, ,0.2849999999999966,0.18500000000000227,0.0,-1.0
39.726,-1.0,L, ,0.1600000000000037,0.2849999999999966,1.5,0.0
39.886,0.5,M-H, ,0.8299999999999983,0.1600000000000037,-0.5,1.5
40.716,0.0,M, ,0.1700000000000017,0.8299999999999983,1.0,-0.5
40.886,1.0,H, ,0.08499999999999375,0.1700000000000017,-1.0,1.0
40.971,0.0,M, ,0.14500000000000313,0.08499999999999375,0.0,-1.0
41.116,0.0,M, ,0.11500000000000199,0.14500000000000313,0.0,0.0
41.231,0.0,M, ,0.2049999999999983,0.11500000000000199,-1.0,0.0
41.436,-1.0,L, ,0.10999999999999943,0.2049999999999983,0.5,-1.0
41.546,-0.5,M-L, ,0.24499999999999744,0.10999999999999943,-0.5,0.5
41.791,-1.0,L, ,0.33500000000000085,0.24499999999999744,0.0,-0.5
42.126,-1.0,L,.,1.0,0.33500000000000085,1.0,0.0
0.271,0.0,M, ,0.13999999999999996,1.0,1.0,1.0
0.411,1.0,H, ,0.2,0.13999999999999996,0.0,1.0
0.611,1.0,H, ,0.18500000000000005,0.2,-1.0,0.0
0.796,0.0,M, ,0.12,0.18500000000000005,0.0,-1.0
0.916,0.0,M, ,0.15499999999999992,0.12,0.0,0.0
1.071,0.0,M, ,0.07499999999999996,0.15499999999999992,0.0,0.0
1.146,0.0,M, ,0.2250000000000001,0.07499999999999996,0.0,0.0
1.371,0.0,M, ,0.135,0.2250000000000001,0.0,0.0
1.506,0.0,M, ,0.1499999999999999,0.135,0.0,0.0
1.656,0.0,M, ,0.125,0.1499999999999999,0.0,0.0
1.781,0.0,M, ,0.16000000000000014,0.125,-1.0,0.0
1.941,-1.0,L, ,0.08499999999999974,0.16000000000000014,0.0,-1.0
2.026,-1.0,L, ,0.125,0.08499999999999974,0.0,0.0
2.151,-1.0,L, ,0.14500000000000002,0.125,1.0,0.0
2.296,0.0,M, ,0.10499999999999998,0.14500000000000002,0.0,1.0
2.401,0.0,M, ,0.11500000000000021,0.10499999999999998,-1.0,0.0
2.516,-1.0,L, ,0.1549999999999998,0.11500000000000021,1.0,-1.0
2.671,0.0,M, ,0.15500000000000025,0.1549999999999998,0.0,1.0
2.826,0.0,M, ,0.07499999999999973,0.15500000000000025,-0.5,0.0
2.901,-0.5,M-L, ,0.52,0.07499999999999973,0.5,-0.5
3.421,0.0,M, ,0.18000000000000016,0.52,0.0,0.5
3.601,0.0,M, ,0.13500000000000023,0.18000000000000016,0.0,0.0
3.736,0.0,M, ,0.08999999999999986,0.13500000000000023,0.0,0.0
3.826,0.0,M, ,0.06999999999999984,0.08999999999999986,-1.0,0.0
3.896,-1.0,L, ,0.11500000000000021,0.06999999999999984,0.0,-1.0
4.011,-1.0,L, ,0.5949999999999998,0.11500000000000021,1.0,0.0
4.606,0.0,M, ,0.21999999999999975,0.5949999999999998,-0.5,1.0
4.826,-0.5,M-L, ,0.21500000000000075,0.21999999999999975,-0.5,-0.5
5.041,-1.0,L, ,0.14499999999999957,0.21500000000000075,0.0,-0.5
5.186,-1.0,L, ,0.1850000000000005,0.14499999999999957,0.5,0.0
5.371,-0.5,L-M, ,0.14999999999999947,0.1850000000000005,1.0,0.5
5.521,0.5,M-H, ,0.7700000000000005,0.14999999999999947,-0.5,1.0
6.291,0.0,M, ,0.10999999999999943,0.7700000000000005,1.0,-0.5
6.401,1.0,H, ,0.10000000000000053,0.10999999999999943,0.0,1.0
6.501,1.0,H, ,0.08000000000000007,0.10000000000000053,-1.0,0.0
6.581,0.0,M, ,0.27999999999999936,0.08000000000000007,0.0,-1.0
6.861,0.0,M, ,0.1800000000000006,0.27999999999999936,0.0,0.0
7.041,0.0,M, ,0.08499999999999996,0.1800000000000006,0.0,0.0
7.126,0.0,M, ,0.0699999999999994,0.08499999999999996,-1.0,0.0
7.196,-1.0,L, ,0.11000000000000032,0.0699999999999994,1.0,-1.0
7.306,0.0,M, ,0.1299999999999999,0.11000000000000032,0.0,1.0
7.436,0.0,M, ,0.07000000000000028,0.1299999999999999,-1.0,0.0
7.506,-1.0,L-L, ,0.5250000000000004,0.07000000000000028,1.0,-1.0
8.031,0.0,M, ,0.22999999999999865,0.5250000000000004,1.0,1.0
8.261,1.0,H, ,0.10500000000000043,0.22999999999999865,0.0,1.0
8.366,1.0,H, ,0.08999999999999986,0.10500000000000043,-1.0,0.0
8.456,0.0,M, ,0.10500000000000043,0.08999999999999986,0.0,-1.0
8.561,0.0,M, ,0.13000000000000078,0.10500000000000043,0.0,0.0
8.691,0.0,M, ,0.1999999999999993,0.13000000000000078,0.0,0.0
8.891,0.0,M, ,0.15499999999999936,0.1999999999999993,0.0,0.0
9.046,0.0,M, ,0.14500000000000135,0.15499999999999936,0.0,0.0
9.191,0.0,M, ,0.08999999999999986,0.14500000000000135,0.0,0.0
9.281,0.0,M, ,0.10999999999999943,0.08999999999999986,-1.0,0.0
9.391,-1.0,L, ,0.15000000000000036,0.10999999999999943,0.0,-1.0
9.541,-1.0,L, ,0.15000000000000036,0.15000000000000036,0.0,0.0
9.691,-1.0,L, ,0.14999999999999858,0.15000000000000036,1.0,0.0
9.841,0.0,M, ,0.125,0.14999999999999858,-1.0,1.0
9.966,-1.0,L, ,0.07000000000000028,0.125,0.0,-1.0
10.036,-1.0,L, ,0.07500000000000107,0.07000000000000028,0.0,0.0
10.111,-1.0,L,.,0.9149999999999991,0.07500000000000107,0.5,0.0
11.026,-0.5,M-L, ,0.21000000000000085,0.9149999999999991,0.5,0.5
11.236,0.0,M, ,0.1349999999999998,0.21000000000000085,0.0,0.5
11.371,0.0,M, ,0.22499999999999964,0.1349999999999998,-1.0,0.0
11.596,-1.0,L, ,0.14000000000000057,0.22499999999999964,1.5,-1.0
11.736,0.5,M-H, ,0.6600000000000001,0.14000000000000057,-0.5,1.5
12.396,0.0,M, ,0.10499999999999865,0.6600000000000001,1.0,-0.5
12.501,1.0,H, ,0.19000000000000128,0.10499999999999865,-1.0,1.0
12.691,0.0,M, ,0.09999999999999964,0.19000000000000128,0.0,-1.0
12.791,0.0,M, ,0.125,0.09999999999999964,0.0,0.0
12.916,0.0,M, ,0.1349999999999998,0.125,-1.0,0.0
13.051,-1.0,L, ,0.16000000000000014,0.1349999999999998,1.0,-1.0
13.211,0.0,M, ,0.125,0.16000000000000014,0.0,1.0
13.336,0.0,M, ,0.16999999999999993,0.125,0.0,0.0
13.506,0.0,M, ,0.07000000000000028,0.16999999999999993,0.0,0.0
13.576,0.0,M, ,0.09999999999999964,0.07000000000000028,1.0,0.0
13.676,1.0,H-H, ,0.6999999999999993,0.09999999999999964,-1.0,1.0
14.376,0.0,M, ,0.14000000000000057,0.6999999999999993,0.0,-1.0
14.516,0.0,M, ,0.11999999999999922,0.14000000000000057,1.0,0.0
14.636,1.0,H, ,0.11000000000000121,0.11999999999999922,0.0,1.0
14.746,1.0,H, ,0.08499999999999908,0.11000000000000121,-1.0,0.0
14.831,0.0,M-M, ,0.3800000000000008,0.08499999999999908,0.0,-1.0
15.211,0.0,M, ,0.1850000000000005,0.3800000000000008,0.0,0.0
15.396,0.0,M, ,0.07499999999999929,0.1850000000000005,0.0,0.0
15.471,0.0,M, ,0.1349999999999998,0.07499999999999929,0.0,0.0
15.606,0.0,M, ,0.15000000000000036,0.1349999999999998,0.0,0.0
15.756,0.0,M, ,0.07499999999999929,0.15000000000000036,-0.5,0.0
15.831,-0.5,M-L, ,0.1750000000000007,0.07499999999999929,-0.5,-0.5
16.006,-1.0,L, ,0.134999999999998,0.1750000000000007,1.0,-0.5
16.141,0.0,M, ,0.14000000000000057,0.134999999999998,-1.0,1.0
16.281,-1.0,L, ,0.07000000000000028,0.14000000000000057,0.0,-1.0
16.351,-1.0,L, ,0.18500000000000227,0.07000000000000028,0.0,0.0
16.536,-1.0,L, ,0.16000000000000014,0.18500000000000227,0.0,0.0
16.696,-1.0,L, ,0.05999999999999872,0.16000000000000014,0.0,0.0
16.756,-1.0,L, ,1.1799999999999997,0.05999999999999872,0.0,0.0
17.936,-1.0,L,.,0.120000000000001,1.1799999999999997,1.0,0.0
18.056,0.0,M, ,0.10999999999999943,0.120000000000001,1.0,1.0
18.166,1.0,H, ,0.1750000000000007,0.10999999999999943,-1.0,1.0
18.341,0.0,M, ,0.16999999999999815,0.1750000000000007,0.0,-1.0
18.511,0.0,M, ,0.13500000000000156,0.16999999999999815,-1.0,0.0
18.646,-1.0,L, ,0.125,0.13500000000000156,0.5,-1.0
18.771,-0.5,M-L, ,0.5700000000000003,0.125,0.5,0.5
19.341,0.0,M, ,0.03999999999999915,0.5700000000000003,0.0,0.5
19.381,0.0,M, ,0.125,0.03999999999999915,1.0,0.0
19.506,1.0,H, ,0.17999999999999972,0.125,-0.5,1.0
19.686,0.5,H-M, ,0.11499999999999844,0.17999999999999972,-0.5,-0.5
19.801,0.0,M, ,0.11000000000000298,0.11499999999999844,0.0,-0.5
19.911,0.0,M, ,0.125,0.11000000000000298,0.0,0.0
20.036,0.0,M, ,0.134999999999998,0.125,0.0,0.0
20.171,0.0,M, ,0.14000000000000057,0.134999999999998,0.0,0.0
20.311,0.0,M, ,0.129999999999999,0.14000000000000057,0.0,0.0
20.441,0.0,M, ,0.07499999999999929,0.129999999999999,-1.0,0.0
20.516,-1.0,L, ,0.10500000000000043,0.07499999999999929,1.0,-1.0
20.621,0.0,M, ,0.1700000000000017,0.10500000000000043,0.0,1.0
20.791,0.0,M, ,0.16499999999999915,0.1700000000000017,0.0,0.0
20.956,0.0,M, ,0.21999999999999886,0.16499999999999915,-0.5,0.0
21.176,-0.5,M-L, ,0.5250000000000021,0.21999999999999886,0.5,-0.5
21.701,0.0,M, ,0.14999999999999858,0.5250000000000021,0.0,0.5
21.851,0.0,M, ,0.054999999999999716,0.14999999999999858,-1.0,0.0
21.906,-1.0,L, ,0.14499999999999957,0.054999999999999716,1.0,-1.0
22.051,0.0,M, ,0.4250000000000007,0.14499999999999957,0.0,1.0
22.476,0.0,M, ,0.22500000000000142,0.4250000000000007,-1.0,0.0
22.701,-1.0,L, ,0.18499999999999872,0.22500000000000142,0.0,-1.0
22.886,-1.0,L, ,0.07000000000000028,0.18499999999999872,0.0,0.0
22.956,-1.0,L, ,0.10999999999999943,0.07000000000000028,0.0,0.0
23.066,-1.0,L, ,0.13500000000000156,0.10999999999999943,0.0,0.0
23.201,-1.0,L, ,0.0799999999999983,0.13500000000000156,1.0,0.0
23.281,0.0,M, ,0.11500000000000199,0.0799999999999983,-1.0,1.0
23.396,-1.0,L, ,0.05000000000000071,0.11500000000000199,0.0,-1.0
23.446,-1.0,L, ,0.0799999999999983,0.05000000000000071,0.0,0.0
23.526,-1.0,L, ,0.870000000000001,0.0799999999999983,1.0,0.0
24.396,0.0,M,.,0.08999999999999986,0.870000000000001,0.0,1.0
24.486,0.0,M, ,0.1750000000000007,0.08999999999999986,-1.0,0.0
24.661,-1.0,L, ,0.10999999999999943,0.1750000000000007,1.0,-1.0
24.771,0.0,M, ,0.3249999999999993,0.10999999999999943,-0.5,1.0
25.096,-0.5,L-M,",",0.8500000000000014,0.3249999999999993,1.5,-0.5
25.946,1.0,H, ,0.17499999999999716,0.8500000000000014,0.0,1.5
26.121,1.0,H, ,0.05000000000000071,0.17499999999999716,-1.0,0.0
26.171,0.0,M, ,0.09499999999999886,0.05000000000000071,0.0,-1.0
26.266,0.0,M, ,0.08000000000000185,0.09499999999999886,0.0,0.0
26.346,0.0,M, ,0.125,0.08000000000000185,0.0,0.0
26.471,0.0,M, ,0.129999999999999,0.125,0.0,0.0
26.601,0.0,M, ,0.14499999999999957,0.129999999999999,0.0,0.0
26.746,0.0,M, ,0.15500000000000114,0.14499999999999957,-0.5,0.0
26.901,-0.5,M-L, ,0.6350000000000016,0.15500000000000114,0.5,-0.5
27.536,0.0,M, ,0.16000000000000014,0.6350000000000016,0.0,0.5
27.696,0.0,M, ,0.13999999999999702,0.16000000000000014,0.0,0.0
27.836,0.0,M, ,0.1750000000000007,0.13999999999999702,0.0,0.0
28.011,0.0,M, ,0.19500000000000028,0.1750000000000007,0.0,0.0
28.206,0.0,M, ,0.10000000000000142,0.19500000000000028,0.0,0.0
28.306,0.0,M, ,0.10500000000000043,0.10000000000000142,0.0,0.0
28.411,0.0,M-M, ,0.16999999999999815,0.10500000000000043,0.0,0.0
28.581,0.0,M, ,0.07499999999999929,0.16999999999999815,0.5,0.0
28.656,0.5,M-H, ,0.6550000000000011,0.07499999999999929,-0.5,0.5
29.311,0.0,M, ,0.05000000000000071,0.6550000000000011,0.0,-0.5
29.361,0.0,M, ,0.16000000000000014,0.05000000000000071,1.0,0.0
29.521,1.0,H, ,0.11999999999999744,0.16000000000000014,0.0,1.0
29.641,1.0,H, ,0.08500000000000085,0.11999999999999744,-1.0,0.0
29.726,0.0,M, ,0.365000000000002,0.08500000000000085,0.0,-1.0
30.091,0.0,M, ,0.15499999999999758,0.365000000000002,0.0,0.0
30.246,0.0,M, ,0.120000000000001,0.15499999999999758,0.0,0.0
30.366,0.0,M, ,0.16000000000000014,0.120000000000001,0.0,0.0
30.526,0.0,M, ,0.16499999999999915,0.16000000000000014,0.0,0.0
30.691,0.0,M, ,0.18500000000000227,0.16499999999999915,-1.0,0.0
30.876,-1.0,L, ,0.17999999999999972,0.18500000000000227,1.0,-1.0
31.056,0.0,M, ,0.14000000000000057,0.17999999999999972,0.0,1.0
31.196,0.0,M, ,0.10999999999999943,0.14000000000000057,-1.0,0.0
31.306,-1.0,L, ,0.129999999999999,0.10999999999999943,0.0,-1.0
31.436,-1.0,L, ,0.11499999999999844,0.129999999999999,0.0,0.0
31.551,-1.0,L, ,0.125,0.11499999999999844,0.0,0.0
31.676,-1.0,L, ,0.43000000000000327,0.125,1.0,0.0
32.106,0.0,M, ,0.12999999999999545,0.43000000000000327,0.0,1.0
32.236,0.0,M, ,0.08500000000000085,0.12999999999999545,0.0,0.0
32.321,0.0,M, ,0.07500000000000284,0.08500000000000085,0.0,0.0
32.396,0.0,M, ,0.10999999999999943,0.07500000000000284,-1.0,0.0
32.506,-1.0,L, ,0.15500000000000114,0.10999999999999943,0.5,-1.0
32.661,-0.5,M-L, ,0.19999999999999574,0.15500000000000114,-0.5,0.5
32.861,-1.0,L, ,0.20000000000000284,0.19999999999999574,0.0,-0.5
33.061,-1.0,L, ,0.22999999999999687,0.20000000000000284,0.0,0.0
33.291,-1.0,L, ,0.14000000000000057,0.22999999999999687,0.0,0.0
33.431,-1.0,L,.,1.0,0.14000000000000057,1.0,0.0
0.136,0.0,M, ,0.15499999999999997,1.0,-1.0,1.0
0.291,-1.0,L, ,0.185,0.15499999999999997,1.0,-1.0
0.476,0.0,M, ,0.050000000000000044,0.185,0.0,1.0
0.526,0.0,M, ,0.12,0.050000000000000044,0.0,0.0
0.646,0.0,M, ,0.11499999999999999,0.12,-1.0,0.0
0.761,-1.0,L, ,0.12,0.11499999999999999,0.0,-1.0
0.881,-1.0,L, ,0.1299999999999999,0.12,1.0,0.0
1.011,0.0,M, ,0.11499999999999999,0.1299999999999999,0.0,1.0
1.126,0.0,M, ,0.11500000000000021,0.11499999999999999,0.0,0.0
1.241,0.0,M, ,0.09999999999999987,0.11500000000000021,-1.0,0.0
1.341,-1.0,L, ,0.05499999999999994,0.09999999999999987,1.0,-1.0
1.396,0.0,M, ,0.21500000000000008,0.05499999999999994,-1.0,1.0
1.611,-1.0,L, ,0.1399999999999999,0.21500000000000008,1.0,-1.0
1.751,0.0,M, ,0.050000000000000044,0.1399999999999999,0.0,1.0
1.801,0.0,M, ,0.13000000000000012,0.050000000000000044,1.0,0.0
1.931,1.0,H-H, ,0.7999999999999998,0.13000000000000012,-2.0,1.0
2.731,-1.0,L, ,0.1499999999999999,0.7999999999999998,1.0,-2.0
2.881,0.0,M, ,0.10000000000000009,0.1499999999999999,1.0,1.0
2.981,1.0,H, ,0.08499999999999996,0.10000000000000009,0.0,1.0
3.066,1.0,H, ,0.10499999999999998,0.08499999999999996,-1.0,0.0
3.171,0.0,M, ,0.15000000000000036,0.10499999999999998,0.0,-1.0
3.321,0.0,M, ,0.07999999999999963,0.15000000000000036,0.0,0.0
3.401,0.0,M, ,0.15000000000000036,0.07999999999999963,0.0,0.0
3.551,0.0,M, ,0.20499999999999963,0.15000000000000036,0.0,0.0
3.756,0.0,M, ,0.08000000000000007,0.20499999999999963,0.0,0.0
3.836,0.0,M, ,0.17500000000000027,0.08000000000000007,-1.0,0.0
4.011,-1.0,L, ,0.07500000000000018,0.17500000000000027,0.0,-1.0
4.086,-1.0,L, ,0.1200000000000001,0.07500000000000018,1.0,0.0
4.206,0.0,M, ,0.10499999999999954,0.1200000000000001,-0.5,1.0
4.311,-0.5,M-L, ,0.625,0.10499999999999954,0.0,-0.5
4.936,-0.5,M-L, ,0.2599999999999998,0.625,-0.5,0.0
5.196,-1.0,L, ,0.15000000000000036,0.2599999999999998,0.0,-0.5
5.346,-1.0,L, ,0.17499999999999982,0.15000000000000036,0.0,0.0
5.521,-1.0,L, ,0.08499999999999996,0.17499999999999982,1.0,0.0
5.606,0.0,M, ,0.1200000000000001,0.08499999999999996,-1.0,1.0
5.726,-1.0,L, ,0.11000000000000032,0.1200000000000001,0.0,-1.0
5.836,-1.0,L, ,0.10999999999999943,0.11000000000000032,0.0,0.0
5.946,-1.0,L, ,1.0150000000000006,0.10999999999999943,1.0,0.0
6.961,0.0,M,.,0.08000000000000007,1.0150000000000006,-0.5,1.0
7.041,-0.5,M-L, ,0.71,0.08000000000000007,0.5,-0.5
7.751,0.0,M, ,0.2499999999999991,0.71,0.0,0.5
8.001,0.0,M, ,0.06500000000000128,0.2499999999999991,0.0,0.0
8.066,0.0,M, ,0.254999999999999,0.06500000000000128,0.0,0.0
8.321,0.0,M, ,0.08999999999999986,0.254999999999999,0.0,0.0
8.411,0.0,M, ,0.16500000000000092,0.08999999999999986,0.0,0.0
8.576,0.0,M, ,0.254999999999999,0.16500000000000092,0.0,0.0
8.831,0.0,M, ,0.120000000000001,0.254999999999999,0.0,0.0
8.951,0.0,M, ,0.04499999999999993,0.120000000000001,-1.0,0.0
8.996,-1.0,L, ,0.1349999999999998,0.04499999999999993,1.0,-1.0
9.131,0.0,M, ,0.3849999999999998,0.1349999999999998,0.0,1.0
9.516,0.0,M, ,0.17999999999999972,0.3849999999999998,0.0,0.0
9.696,0.0,M, ,0.10999999999999943,0.17999999999999972,-1.0,0.0
9.806,-1.0,L, ,0.2400000000000002,0.10999999999999943,0.0,-1.0
10.046,-1.0,L, ,0.9350000000000005,0.2400000000000002,1.0,0.0
10.981,0.0,M,.,0.1349999999999998,0.9350000000000005,0.0,1.0
11.116,0.0,M, ,0.125,0.1349999999999998,-1.0,0.0
11.241,-1.0,L, ,0.15000000000000036,0.125,2.0,-1.0
11.391,1.0,H-H, ,0.6899999999999995,0.15000000000000036,-1.0,2.0
12.081,0.0,M, ,0.040000000000000924,0.6899999999999995,0.0,-1.0
12.121,0.0,M, ,0.1349999999999998,0.040000000000000924,1.0,0.0
12.256,1.0,H, ,0.16499999999999915,0.1349999999999998,-0.5,1.0
12.421,0.5,H-M, ,0.13000000000000078,0.16499999999999915,-0.5,-0.5
12.551,0.0,M, ,0.34500000000000064,0.13000000000000078,0.0,-0.5
12.896,0.0,M, ,0.15499999999999936,0.34500000000000064,0.0,0.0
13.051,0.0,M, ,0.10999999999999943,0.15499999999999936,0.0,0.0
13.161,0.0,M, ,0.15500000000000114,0.10999999999999943,0.0,0.0
13.316,0.0,M, ,0.08000000000000007,0.15500000000000114,0.0,0.0
13.396,0.0,M, ,0.10499999999999865,0.08000000000000007,-1.0,0.0
13.501,-1.0,L, ,0.40000000000000036,0.10499999999999865,1.0,-1.0
13.901,0.0,M, ,0.14000000000000057,0.40000000000000036,-1.0,1.0
14.041,-1.0,L, ,0.19500000000000028,0.14000000000000057,0.0,-1.0
14.236,-1.0,L, ,0.129999999999999,0.19500000000000028,0.5,0.0
14.366,-0.5,M-L, ,0.14000000000000057,0.129999999999999,0.0,0.5
14.506,-0.5,L-M, ,0.9900000000000002,0.14000000000000057,0.5,0.0
15.496,0.0,M,.,0.25,0.9900000000000002,0.0,0.5
15.746,0.0,M, ,0.129999999999999,0.25,0.5,0.0
15.876,0.5,M-H, ,0.7249999999999996,0.129999999999999,-0.5,0.5
16.601,0.0,M, ,0.06500000000000128,0.7249999999999996,-0.5,-0.5
16.666,-0.5,M-L, ,0.9349999999999987,0.06500000000000128,0.5,-0.5
17.601,0.0,M, ,0.08999999999999986,0.9349999999999987,0.0,0.5
17.691,0.0,M, ,0.125,0.08999999999999986,0.0,0.0
17.816,0.0,M, ,0.1750000000000007,0.125,0.5,0.0
17.991,0.5,H-M, ,0.23000000000000043,0.1750000000000007,0.5,0.5
18.221,1.0,H, ,0.0799999999999983,0.23000000000000043,-1.0,0.5
18.301,0.0,M, ,0.09500000000000242,0.0799999999999983,0.0,-1.0
18.396,0.0,M-M, ,0.11499999999999844,0.09500000000000242,0.0,0.0
18.511,0.0,M, ,0.15500000000000114,0.11499999999999844,0.0,0.0
18.666,0.0,M, ,0.05999999999999872,0.15500000000000114,0.0,0.0
18.726,0.0,M, ,0.18500000000000227,0.05999999999999872,0.0,0.0
18.911,0.0,M, ,0.11499999999999844,0.18500000000000227,0.0,0.0
19.026,0.0,M, ,0.045000000000001705,0.11499999999999844,0.0,0.0
19.071,0.0,M, ,0.14499999999999957,0.045000000000001705,0.0,0.0
19.216,0.0,M, ,0.09499999999999886,0.14499999999999957,0.0,0.0
19.311,0.0,M, ,0.07499999999999929,0.09499999999999886,0.0,0.0
19.386,0.0,M, ,0.22500000000000142,0.07499999999999929,0.0,0.0
19.611,0.0,M, ,0.14499999999999957,0.22500000000000142,0.0,0.0
19.756,0.0,M, ,0.08999999999999986,0.14499999999999957,-1.0,0.0
19.846,-1.0,L, ,0.21000000000000085,0.08999999999999986,0.0,-1.0
20.056,-1.0,L, ,0.14000000000000057,0.21000000000000085,1.0,0.0
20.196,0.0,M, ,0.10999999999999943,0.14000000000000057,1.0,1.0
20.306,1.0,H-H, ,0.75,0.10999999999999943,-1.0,1.0
21.056,0.0,M, ,0.16000000000000014,0.75,1.0,-1.0
21.216,1.0,H, ,0.11499999999999844,0.16000000000000014,0.0,1.0
21.331,1.0,H, ,0.125,0.11499999999999844,-1.0,0.0
21.456,0.0,M, ,0.11500000000000199,0.125,0.0,-1.0
21.571,0.0,M, ,0.14499999999999957,0.11500000000000199,0.0,0.0
21.716,0.0,M, ,0.129999999999999,0.14499999999999957,0.0,0.0
21.846,0.0,M, ,0.23499999999999943,0.129999999999999,0.0,0.0
22.081,0.0,M, ,0.11500000000000199,0.23499999999999943,0.0,0.0
22.196,0.0,M, ,0.14499999999999957,0.11500000000000199,0.0,0.0
22.341,0.0,M, ,0.09999999999999787,0.14499999999999957,0.0,0.0
22.441,0.0,M, ,0.10000000000000142,0.09999999999999787,0.0,0.0
22.541,0.0,M, ,0.7100000000000009,0.10000000000000142,0.0,0.0
23.251,0.0,M, ,0.24499999999999744,0.7100000000000009,0.0,0.0
23.496,0.0,M, ,0.19500000000000028,0.24499999999999744,1.0,0.0
23.691,1.0,H, ,0.10999999999999943,0.19500000000000028,-1.0,1.0
23.801,0.0,M, ,0.07500000000000284,0.10999999999999943,0.0,-1.0
23.876,0.0,M, ,0.11999999999999744,0.07500000000000284,-1.0,0.0
23.996,-1.0,L, ,0.23500000000000298,0.11999999999999744,1.0,-1.0
24.231,0.0,M, ,0.05999999999999872,0.23500000000000298,0.0,1.0
24.291,0.0,M, ,0.14999999999999858,0.05999999999999872,-1.0,0.0
24.441,-1.0,L, ,0.15500000000000114,0.14999999999999858,0.0,-1.0
24.596,-1.0,L, ,0.06500000000000128,0.15500000000000114,0.0,0.0
24.661,-1.0,L, ,0.2049999999999983,0.06500000000000128,0.0,0.0
24.866,-1.0,L, ,0.05999999999999872,0.2049999999999983,0.0,0.0
24.926,-1.0,L, ,0.125,0.05999999999999872,0.0,0.0
25.051,-1.0,L,.,1.0,0.125,0.0,0.0
